deezer_id.new,name
223910715,Dmnds
265629742,Maelle
248277632,Delilah Montagu
249619382,Jackboys
224898275,Her
223926745,Dj Babs
268175362,Nekfeu
248496042,Huey Lewis & The News
247551652,Skread
83249922,Sola
266674812,1995
262586511,M.i.a.
256599202,Rjd2
267057392,The Box Tops
242944561,Todd
226724255,Zohara
265761372,Joe Bel
265267272,Dinos
255632822,Aze
250498962,Ernest Ranglin
242569281,Gaelle
266135802,"Evelyn ""champagne"" King"
260750231,Jalen Santoy
265895722,Craig Walker
224171455,Valentina
226989685,Justine Sainte
230831685,Muni Long
248184442,Bamby
258697342,Doums
267057402,The Box Tops
223925505,Ms Nina
249563222,Irma Thomas
3005221,Canadian National Arts Centre Orchestra
223944685,Sweem
245724652,Warren
3005511,Jean-Francois Rivest
257217882,Nemzzz
3005051,CBC Vancouver Orchestra
264513512,Dominic Neill
262582511,Tiffany Aris
249751902,Ghostemane
261056811,De Hofnar
236237491,Dahi
249166222,Ariel Sheney
229465515,linker2g
261048511,Clipounets chansons enfants et bébés
229762805,Funny Song Studio
229762815,Sounds Reel
223613825,Nailah Blackman
253170162,TarraxoBaby
263794271,Foghat
84177742,Ht Bristol
84177752,Charlie Bannister
71709472,Vincent Steele
255342802,Blanco
248184972,Gothenburg Symphony Orchestra
224996325,Alliel
243893532,Rhapsody
220547345,Lucci
249751852,Nina Sky
260900621,Evil P
229926805,Rika
240325181,Larusso
259014932,Armelle
223942725,Carlton Jumel Smith
4821037,Bb Model
244963872,Angela Torres
264924772,Leys
217748015,Cammie
264219951,Jesse Wilde
243851792,Davide Esposito
259718292,Martin Stahl
258580772,Morgan Heritage
249983322,Loay
259718302,Martin Stahl
121922892,ONESOLO
257451022,3d
221879695,Yaadman fka Yung L
71771512,OddMan
261178031,Meghan Trainor
222293055,Pam
4948638,Philharmonia Bulgarica
4679838,Jaime Morales
234170191,Lox Chatterbox
260900681,Evil P
260437051,JoJo Siwa (Kids)
110691352,Miracle Musical
256915882,Leven Kali
253324252,Kodes
54322492,Guette L'ascension
268452942,Dai Verse
242183231,Enzo
264718422,SAM
229616425,Charles
72481412,Freeman
244190662,Dub Fx
1305190,Thomas Labé
13926049,Yoann Casanova
223883575,Lesram
50491622,Laville
248184662,Christophe Rousset
246203792,Royal Concertgebouw Orchestra
242451941,Pauline Croze
261760311,Idpizzle
241236151,Aiko
167197597,Niko
236337051,Maxwell Farrington & Le SuperHomard
247552072,Malo
170811557,Lou Bliss
260249261,Thabiti
230521015,Lofi Coffee
253001512,Almas
230376355,Le D
8836544,JerryC
14764357,Ella Boh
10818170,Blaqq
224752075,Eric Satie
262796731,ꉈꀧ꒒꒒ꁄꍈꍈꀧ꒦ꉈ ꉣꅔꎡꅔꁕꁄ
163693057,Max7
263388901,Auden
81998552,KaLiii
266591212,Edgar
212005317,Phonk Machine
246948502,Retsu Unohana
238148831,ADJA
224832155,15 15
229996625,Empress Of
256839492,Boys Band Generation
231511155,Время И Стекло
256673172,Joakim
251781702,TRÏBE
264637572,Jeunesaint
237817621,P. Diddy & Faith Evans (Featuring 112)
13947687,Desiree Mishoe
263937961,Medikal
233585271,The Blind Boys Of Alabama
243001461,Ricci
263519381,Zoot Woman
242613691,Corpse
253681262,Husslabill
229228245,dani dicostas
267271802,Daks
517829,SLOW JOE
544481,THE GINGER ACCIDENT
253323802,Marcia Griffiths
220640275,Ally Dawson
1420558,Trey Lee
258399062,Mkla
254100622,Ed Harcourt
140497932,Taysko
248277542,Gothenburg Symphony Orchestra
10312720,Taylor Vick
259394342,Yann Muller
263114781,Ugg'a
230831015,Ysos
224481145,Kiana Ledé
211755717,Ynsxrd
94961692,JJ Scheff
245467042,Moubarak
171728697,PIMON
218713015,Geronimo
5836951,Phil Steele
8462744,Philip Brigham
261978531,Billianne
261241971,Momoland
233942951,Flynt
243852252,Céphaz
219975295,Akīn
244056432,Julie Andrews
262016201,OCEANS
92924572,Dasha
227231245,Sunday Service Choir
241066421,Jafunk
227730745,Kaya
247385432,Roomie Video Music
260464031,High School Musical Karaoke
51408732,Skylleur
259718272,Martin Stahl
265265792,Moullinex
246843032,Francis
260204601,Misha
267876742,Benedikt
222913145,Lunis
227786945,Jaylann
72491022,Birt
243692312,Faust
229608665,Mark Turner Quintet
257714262,Brian Snow
250104632,Rei
256140892,Lil m4se
51708732,SawanoHiroyuki[nZk]
222422815,H.e.r.
236988521,Mayel Jimenez
74078842,thatboykwame
256451852,Tano77
208428157,Tao mon amour
235759741,Reykjavík Orkestra
219251825,miki
256915872,Leven Kali
438665,Austin Moon
218889435,GATC
232810391,Chanceko
245684352,Maud Geffray
255882762,Youssoupha
237045361,Albany
10914516,Gingo
229563635,Fazerdaze
252112032,Cuban Deejay$
240907021,Dindin
269822402,Kayode
222912405,Joeboy
204788457,Farao
265506112,Manu Chao
8569792,Tom Rogerson
252433022,Okis
223546235,Kaya Giray
240418531,Pand 'Or Camelia
179003197,Roxie Węgiel
238304271,Suzanne Ciani
226440765,Charli D'amelio
268125772,Stefi
234316561,Beltran
259472352,Ashibah
250903742,Natasha Bedingfield
261916991,Steel
245726432,Audrey
252686762,Gaustad
116468742,Rahel
267273362,Sdp
247844262,Hillsong FR
240115271,Squadra
243272891,Tuber
264924802,Leys
226567665,Basile Palace
101830102,עלאי ונתאי צרפתי
267397282,Paulo Londra
221495135,Lizi
250344122,Blue System
145890,Kirk Franklin & The Family
227635785,Потап И Настя
244336762,Junior dos Santos Silva
217155965,MEDELLIN
59171,The Kingdom
198815127,JEDY DEADY
257275472,Black Bones
252721152,Aria
222047165,Dramatic Violin
230831555,Rodrigo Gallardo
9687990,Kyung Joon Kim
130030012,Black Spygo
269902432,Tyler Childers
229926325,The Soft Moon
10266208,Koehne & Kruegel
261502581,Impar
244965992,Mcklopedia
266057702,Exhibition
243002181,Spectacular
252124342,Zerb
219440605,Indigo
254517782,Scott James
261447061,guida
263521541,Bekar
69903982,Leska
70020892,Isaiah
268679132,Ataxia [John Frusciante]
225390375,Maryvette Lair
265895702,Craig Walker
267381472,stevie vicious
253985002,Aves
261176171,Joe James
269216982,Noa Lewis
262198381,MONF La fourmilière
217890575,Drako
75092072,Julie Maguire
120296,Color Tango
266317242,Theo
251849612,Florentino
254997612,Bakar
176856817,Tony
223909015,Dee Mad
52564982,Mob Entertainment
187442957,Antoine S
261176181,Joe James
259718312,Martin Stahl
75820632,ADM
225745855,Bruno Cesar e Rodrigo
265894562,Tiggs Da Author
247552372,Mario Bautista
4533410,Chioma
58380472,Playah
230103535,Adrian and Meredith
131184862,YUO
225173405,Pharahoe
252805052,Sancho & Pancho
254100612,Ed Harcourt
254997922,Hypaton
231512915,Miichel Plasson
220424895,JazeCinema
234316151,Innoss'b
11349298,Seungmin
2662961,DanZ
261292221,RK
231512235,Amy Shark
152883872,Alico
241438541,Clyde P
217920365,Corey Redgrift
220753785,DJ Nikolas Alves
217955475,Irie Yute
219252275,SlimedHunxho
1032296,Sunset Red
15293223,Adrian!
261371231,2pm
258580342,Slo
251450142,Rick Ross
234701531,Che
216118235,Cami Bear
224934285,crier archive
246629002,Crazy Town
261971731,Virgil Alboh
235041891,Laurell
219706685,YaSs
227692025,DK
147836182,Dreama
259716712,Roman Müller
230668255,Jordan Fisher
248321442,Oly
258193272,Theodort
223880415,Ayed
260594311,Kafke
222913155,Lunis
224621835,Jaden Bojsen
222748435,Phenix
219572825,Ares
240560691,Burns
228303335,Roisto
265090742,val
253233852,Marthe
254100642,Ed Harcourt
253916472,Norma Jean Martine
2059191,Paul Borg
2059201,Sandor Jozsa
224752085,Eric Satie
6809185, Jéja
252908442,Ignite
253195022,Texas
261503821,Arcando
108713552,Lil loke
223613835,Nailah Blackman
224751715,Ycee
1183080,piri
250313702,"English Chamber Orchestra, Members"
5499823,Zep Denise
249463442,Auli'i Cravalho
263721721,MELL VF
228780975,Mila Dietrich
230521005,Lofi Coffee
244190682,The Glitch Mob
1651726,Beside
230109045,Shay Lia
179990957,AlNasheed
264516092,Samra
222993975,anne october
242427681,Luziomind
237642191,Helin
253194712,Sturgill Simpson
238909701,Jmax
233942861,Jewel Usain
5924441,Sentimenz
238910331,Jmax
250206492,Saint Agnes
230376415,Nesi
269367212,Tay Red
4847040,MOUSE ON DA TRACK
259619452,Damage
268452972,Dai Verse
221323875,T2G
223632935,Villa
13510809,Adam Wiltzie
264924792,Leys
257714242,Lilly Palmer
266477312,Syko & Ikonik
14389219,Leyko
227230045,Oscar Scheller
223218985,Baila Nova
266757952,Dayana
231691905,Plum
227817335,Nineworld
253117922,Julia Stone
254997592,Blanco Brown
225751055,defnotjohn
73570152,Malo
223910185,Sora
155642192,Марія Чайковська
223470805,leflem
220972665,AMES
252163992,Smil
258617092,Ogi
80638152,Bosh
235445261,Tainted Youth
226238455,Brad Derrick
255055092,Paolina
1393193,Willy Chirino (a duo con Arturo Sandoval)
242401781,A New Music Experience
290750,Giselle Webber
179847167,Mc Grigo 22
502646,Daves
220695885,Kyo
224561045,Jenifer
223942745,Carlton Jumel Smith
5280053,(Con La Participación de Marc Anthony)
249618982,Maurizio Pollini
227746145,WAKE124
261241891,Ice Nine Kills
230233825,Wurld
267315842,Глюк'oza
240764291,JusteNiels
217778105,Mitcho
220673925,BOSS.CKM
180091187,Norah Hendriks
234647761,Pepito
223068055,Stavo
190412597,Rossendale Male Voice Choir
245875182,ame
247707932,Lk
243001521,Sound Rush
239326501,Breathe
249750562,Lysistrata
234436151,Zaky
252124352,Zerb
224750935,Lamatrix
2997191,Daniel Hughes
94716712,طوني قطان
262368211,Spyko
246677522,6wurvo
1639883,Xiangdong Kong
237926721,Adagio
225973655,Damon
257768842,Manel
167792187,Clark S. Nova
66937522,Darren Cesca
227636145,Jux
263363491,FOUR7EVEN
4879873,Drottningholm Court Theatre Orchestra
262768311,Kakou
250269012,Loyal
256089742,Irem
143639592,Jex Nwalor
258661202,Chœur de l'abbaye Notre-Dame de Lérins
4694199,Favres Solisten Vereinigung
174663137,Sigmig
290751,Ali Slaight
231802195,Miguel Moreno
268176452,Bennett
256217182,LOW
246563212,Jess Ribeiro
103708,DF
10184730,Cerk
7852602,Art Cons
5167491,DJ Markarian
229334055,Bang Bang
255727062,Sam Tsui
230252295,BP Infinite
260743181,KAYNAH
253794252,GOKUMON(UchikubiGokumonDoukoukai)
1231401,Dave Holmes
4163790,Andy Pask
5580572,Diego Moreno Project
261207131,Aren
267399882,Kim Carnes
403450,郎朗
227230825,Kahra
243823882,Hrdy
254444232,Kyo
253975272,Alexandre
238306091,Lingokids
230762885,Paleface
1066715,Antonin Kubalek
224571535,la Chorale Los de l'Ouzom
223925455,Ms Nina
253624322,Roman Messer
248810462,Orchestra Filarmonica Di Torino
243332511,Innellea
220831725,Aviv
5506824,Miss Glamorazzi
214136747,EUNSANG
265506432,Damian Marley
111398552,Pleure
256341212,ADAVLYNN YOCX
223391695,Nenny
255342292,Gordo
251899232,Michael Benjamin
4801073,Sean Michael
225088205,Dinos
223909025,Dee Mad
244190672,Dub Fx
259514712,SLV
262731311,Night Tales
222437095,fm.eral
224108405,Hidden Empire
4732504,Hard Life
223613355,Bishop Briggs
232560451,Itchy & Buco Sounds
252129372,Tibo 2b
92616332,Junha Park
249417822,Pauline
129112592,Mike Dean
229563645,Fazerdaze
220626035,reedleyreaper
266423752,B.i
260119481,Wl 8
264788042,Kweku Flick
259716822,Roman Müller
264787662,Esat Bargun
245009852,Imanol
256597932,Natty Rico
225205115,Ily
247146932,Detlef
202681897,where do you go when you die
8426366,Michael McKinney
101784522,OH HEEJOON
222848025,Deecon
265895712,Craig Walker
234636451,Idk
93205872,Fredz
227516565,suffersite.
231302115,After Berlin
259271372,Matroda
5326068,The Love Fellowship Crusade Choir
226780615,Kevin Drew
258155132,MariÃ© Digby
259269142,Deejavu
236029321,Monelle
220483625,Kyss & Zorro
227636075,Yasmine
255659972,Akacia
220823095,Ash
134902042,Datboykalifa
258261672,Antent
248859712,George Clinton
160923472,Luka Citron
248495782,Rahma Riad
247708032,Lk
261054611,Skillibeng
225108635,BAKA
267652062,Sam Benaroya
244966262,Marwan Pablo
269178222,Las'Gabanna
244826902,Asdek
219419165,YASS
236897431,herfallenmind
223410945,Loose jr
213047497,Eilousiah
230831695,Muni Long
229153555,Lukas Setto
246693272,Bulgarian Radio
246693282,Television Mixed Choir
4982160,Oya & Bora
217714955,Sita
225109485,Brada
246417692,Mt. Wolf
72813672,Ave
224561985,Zeca Veloso
247317972,Delphine Herscovici
247317982,Manon Ballu
1560979,Slađa Delibašić
259801681,Lulu
259010792,Carla Dona
258178672,Morshedy Group
263794671,Patrice
258975752,Matt
2998681,Ksenia Nosikova
4878568,Kaare Ornung
200789687,ߥߍߒߌߕߕߍ
236988541,Mayel Jimenez
233585521,The Crown
227876935,Gayle
246763192,D'andre
1342961,Ricardo Cobo
247318842,Zef
232886921,Nour
224948575,Astra
250903112,Oxlade
76731932,Archie
224898035,Millie Turner
251780272,Tribe
1539900,Yoav Goren
247552042,Malo
4542796,Jason Pounds
253468652,Unknown Brain
269562762,Jeune Foy
247606622,Fritu
224997025,Driks
224194435,Chaka
229320565,Pools
247042062,Sorai
230719595,Versatile
3382631,Lone Larsen
264275421,DjNabil
225050055,Air Waves
258399072,Mkla
223612935,Krass
259793061,Herman
7620342,Original Broadway Cast of My Fair Lady
8101865,Marla Altschuler
259115682,Vikina
230051905,London Oratory Schola Cantorum
261176151,Joe James
227617245,CyYu
262645761,Sarah Brown
141157032,Saifond
229629115,Skylar Simone
265010822,ICHI 
226065875,Leah
242038931,Walker & Royce
257895502,COMÈTES
221518935,Mose
256451062,Lupage
223613275,Slim Jxmmi
219228115,Galena
263938001,Medikal
245463792,Max Niklas
241438571,Clyde P
261503591,Sinkane
225204685,Hall Of Fame
4379647,Lightnin Rod
245683562,Birol Namoglu
248447822,Caspy
229153885,Soumix
257497712,Shoby
258438902,Floss
74143872,DeLacruz
91969102,Ichan
241802021,Ashè
247551972,Malo
231164125,Joanna
261057921,Pickle
240115031,O.t. Genasis
232810791,Klub Des Loosers
251630542,Marc Minkoswki
229710865,Amra
258355012,Drasko
223613325,Clara Mae
242519481,Big Palk
253403522,R0MES
230376605,Inez
242973051,Sahel
84521572,Kaejay
227502415,Plylist
258062732,Eve Goodman
257214142,Bolth
265150062,Peggie Sue
142299282,TOMMY YANG
261003341,Maison Pierō
229211285,SPEED
236126001,Cody Frost
268864822,MOWGLI L'ANIMAL
232823511,atlgrandma
257654042,Boys Noize
169023707,Silly Silky
6936701,Bettina Maureenji
245020282,Polar
243973902,TORA DAA
2997541,Boston Museum Trio
227421815,Sh4d
235877771,Nathan Nicholson
226238495,Good Problem
50259682,Triegy
244385802,Bridge
248429042,Leyon
235041001,Hgs Güngör
258192922,Kali
127233592,Kittsy Flor
218692445,LEAP
247269572,Boef
249751942,Frei.wild
250841522,Ner Leva
229153655,Miss Mary
260342451,Barrington Levy
20769491,Matthew Brooke
1332285,The Brook Street Band
69210602,YourBoy V
246204132,Sosmula
264398352,Madds
230762215,L'avvinta
3003701,Stephen Ralls
268315852,Alexander Robotnick
264515632,Sofia Reyes
7536270,CBSO Youth Chorus
255678382,MADARA
230860335,Trigga
234612121,ekat19
230234865,Drime
3001501,Peter Minkler
5506525,Lura Johnson
235326691,Alkaline Trio
259692612,Outside Broadcast White Noise
268125262,MV
162764697,Islam adrenaline
256981782,RAHM ⚉
267977432,Kulturr
254346512,Chanarchy
219810375,Electric Chapel
7267064,J Francis
256236322,Adio
233315141,Samba De La Muerte
257766952,Demayä
234089951,John Spencer
234244701,Fayçal
234893031,amzy
222445545,LISALAU
227136815,ERA
255132192,Allan
245879402,Capucine
7403212,Anaga
92482302,Matias Mareco
234701081,Che
13480185,MAE.SUN
257653902,Guts
246665872,Axaniah
253826782,Benediction
229213635,Orchestre national Auvergne-Rhône-Alpes
2737741,Jean Rivier
246373802,Dnd
245096452,Max Jury
248277652,Delilah Montagu
226974675,Midnight City
12079312,Jon Lorca
214079137,smbdy/else
10701873,Lorrain Briscoe
184489487,Delta!
2998781,6 Chordae Consort of Viols
2999511,John Dornenburg
2999101,"Mississippi Guitar Quartet, The"
224826225,LUVDROME
162673527,Saint Thiago
242205831,Jackson HSN
265631572,Jean-jacques Milteau
217900915,Gisèle
118798942,Gabriele
260634781,Mr. A
262253971,Alex Preston
260750281,Jalen Santoy
175363,Black G
227787445,Steven Price
221711345,Otherside AL
257440862,Kinder
243250271,Feuille
233311611,GEN.KLOUD
224106405,Lauren Jauregui
223612965,Lapso Laps
259586352,Rek Banga
244351912,Web
121652122,SLAYR
233131701,David Hall
254100592,Ed Harcourt
4797460,Andrew Burashko
5710708,Renaissance Singers
254362302,Guy J
299299,Charlie Musslewhite
262359821,Dayana
218830995,Yori
224482085,Not3s
224516945,Priscilla Alcantara
5235918,MIKOLAS
224841535,LEILA
223346675,Nell
261056151,Urbano
229621825,Lorena
256091462,Nabyl
95782,John P. Kee & The New Life Community Choir
73355,Valentina Black Trio
245813582,Kadim Al Sahir
117826952,Debs
54277542,4100
6721203,Boon Doc
221343915,Alfie Jukes
121658492,Ceri Wax
10307510,Gasho
261370151,Turbulence
244241132,Jen
183411437,Professor (RO)
268452952,Dai Verse
247951702,Skeez
263172281,YOUNGJOO
264516102,Peter Tosh
248860412,Travis
247031312,Maxime DT Tessier
225681415,Diaphane
230315365,El Gato Negro
249321132,Xander B Archive
254539342,b4risd
5491226,Raffoul
222069385,SATURDAY
54928072,Raphaël Schwartz
14730413,TRP Music
264240691,Dossa
246598492,Akela
239371081,Arsenik
263295201,LH
551071,"Trevor ""Baby G"" James"
1636435,"Mills Brothers, The"
247676322,Schola Saint-Grégoire du Mans
1797161,Kaakyire Kwame Appiah
238304281,Suzanne Ciani
7675432,Steve Shill
261299391,Skyline
269436812,The Club Four
12281452,Lil Orxan
222389295,Drosan
253323952,Paulina Rubio
218674635,Above Ave
53333962,Kingdom
258182462,Noted
243823162,Stripe
262341151,VK Blanka
227418885,Lauren Aquilina
242613811,Get Scared
254669132,Sofiya Nzau
268346352,Krishna Das
107230,Rachel Barton
14814925,Sasha Argentina
58561432,Hallé
269330312,Kjellvandertonbruket
245127652,TheFinesser
134383222,Tali G17
162318157,Zola
258697592,Tal
67719672,Tamara Tunie
259883851,The Dreamgirls In Concert Company
245148,Lil' Ru
238304321,Suzanne Ciani
111865762,Archie
56904062,Kasper G
261564171,Nooma
220716095,SickoFlip
15282221,Dibby
234703151,Che
11367574,Bobby Daye
186273337,Eric Woodall
259766742,Tika
8623422,Live Like Us
261638351,Iglooghost
244384552,Matt Johnson
221524625,Wham!
239383921,Nori
246913892,Ramyen
261587171,Stay Inside
6224442,Bad Friends
411858,Leah Mason
222543045,ezra
246364122,ACOUSTIC
61512932,George Matsuo
227502695,Zion Foster
4679779,Judith Kogan
3434181,Elena Ivanina
220462525,Isaac Kalil
232559561,Martin O'donnell
11477726,Raphaël Pannier
220824995,Structures
246646502,MAURO KARAM
90383972,Daria Marx
183077177,eL_Jay
241580631,Rz
220085505,Melina
116431352,A Tribute to the Blues Brothers Original Cast
7434018,Con O'Neill
4904078,Ian Roberts
116431362,Liza Spenz
1640826,Antony Pitts
6617172,Di Feno
6617174,Alls
507599,Alison Mackay
220974025,The Wizards
993085,Choeur des Moines de l'Abbaye de Tamié
4984800,Emmanuel d'Astier de la Vigerie
5978420,盧凱彤
242453641,Deutsche Kammerphilharmonie Bremen
250033032,Cooltime
267687012,https://www.youtube.com/channel/UCZA6ru-YUir5lA8Ki-SrVAw
100629972,Tifaine
224690975,OberdMusic
237349361,Lny Tnz
233585471,Retro X
226566185,Montaigne
44927552,Sen Bydia
269178252,Maleskal
246084292,Cem Belevi
244166482,Skizz300
248810862,El Payaso Plim Plim
257926032,MIRA
222424645,ג'יין בורדו
253378202,Rose
244246252,Ellis
65942932,Zakaria Springer
13529047,DANTE PELUSO
248067662,Lovecraft
225049225,Melinda Ademi
236422141,Hunter
251629682,Cécile Rocqué Alcina
225043165,Laisse-moi Te Raconter
2999721,Arthur Rowe
224643215,Ejm
242675841,Bruna
258084562,Babe & The Crystals
247061272,Marcela
11680527,Benziê
244732242,Hermanos Gutierrez
2766201,Louie G
70242222,2STRANGE
4378741,El Equipo de la Bachata
227947525,Rob
222912515,Kamil Ghaouti
240233281,L (raphaële Lannadère)
12804361,Tuati
223225425,Tflow
264007761,Jada
230831645,Rodrigo Gallardo
221991045,DMZ Reko
263144461,Adia
220597585,DEADLINE
269178232,Baba Master
269178242,R Ma Skunk
268787732,John Davis
259472362,Ashibah
229430315,BINKY
225204275,ALUS
247552012,Malo
230831565,Rodrigo Gallardo
245091712,LLANAMOUR
226922105,Mudrat
165006527,Slauson Malone 1
254102202,Yvnnis
266103132,Celestia✫
218305875,Volodymyr Dantes
256498162,Dorian
263594511,Anton
240957491,Umi
222414565,Delz
230667675,Farhot
223613865,Nico Collins
290749,Julie C
256925872,Monty Vocals
219554715,Curses
259588612,Stony Stone
262416751,ΛTLVS
1693235,*67
264516872,Sefo
255981482,summer sax
497980,Buddy Ogün
268175372,Norah Jones
244009192,Salisbury Cathedral Choristers
260362411,LOKO
220354365,Structures
10872058,Tha Hookstah
239158271,Voodoovxen
252467872,99barth
197232617,João Maia Ferreira
218718275,SHALOM THUNDER
229560105,Caney Dunya
246565712,Gold
244701772,Coone
232658591,Philippe Hémon
230568635,Spirituals
233315151,Samba De La Muerte
74783112,BenSchullerMusic
261792791,Joash
263938011,Medikal
13084057,Amanda Lee Duffy
268780922,Chilleaux
165268197,KnoNoBeats
5355238,Uncle F
60670032,Joaquim Roberto Braga
259855641,Maurice Lessing
82662202,Switch
237041591,Ragnarök
223875165,Akira
224258135,Honeybhoy
265629852,Pajane
230953375,Mazde
246417802,Nervo
260750891,Perplexer
3434891,Mexico National Autonomous University Philharmonic Orchestra
261739781,ADUSHKINA
256596432,Lil Lotus
252309112,Kurdo
128010782,NanaoAkari
252856522,Kim Min Seok
250054332,spyduh
237834421,lolitslea
66186422,Reekadobanks
263392351,Modern Talking
224587955,Midori
245813612,Sebastien Drums
219719805,Jibe
66297002,Cam Vaughn
11062268,Data
260007881,Liad Abraham
259589332,B.a.p
14742893,Simon Beigelman
6199338,Gala Orchestra
1459339,Irealz
5163508,+ The Roots
5468009,Imagiin360
224108425,Hidden Empire
253278542,Mania
225095795,Basco
255588642,Felix Harrer
224205125,LEX
261570351,Ben Fox
225040595,ANTIPØDE
216824025,Desiracid
124167672,Bleu Electrique
245019942,Polar
234047081,M.B MAFIA
211614177,spelox
120915702,Visage
223067845,Dylan Fuentes
236989611,Melvins
223612985,Piruka
239974561,Jah Khalib
9450268,The Harmony Grup
4432276,Kevin Mcpherson
261556741,Pastor
97664152,Ghoula
243050851,One Time Pouwe
63956512,Sinae
163850267,Melody Shari
81309752,Amanda Aponte
253369992,Noo
259522382,dori
223613055,Timea
250608692,Jordin Sparks
248742092,Lvz
225683565,Nøvacore
5306728,Season Marimba Stars
261836511,Helmut
105045462,Andrew Bedows
244965872,Glorious
53656662,Valentina Márquez
227467865,BalySDT
251450052,Popof
194133277,Dave Wang
222107275,Mark Wilkinson
209564697,Oslo Radio Orchestra
12759479,Oyvind Berg
10537469,K-Sänn Dub
4570679,Aram Khatchatourian
229439975,Vincent
267682532,Earl Sweatshirt
233452681,Biana & Ronny Becker
254667402,Triticum
256394392,Eileen
234473151,Agustin KZ
258876161,Titan
227047515,Valentina
247269522,Faudel
251851302,Lossa
257498762,Archive
1104497,Robin Clavreul
245105012,Boris Nedeltchev
251529892,Sarra
249697202,Black Soul
228780665,Mila Dietrich
265564182,Mindstate
157360752,Fernando “El Mambo” González
4069524,Tom River
222917895,Yumi Kawamura / Shihoko Hirata / Lyn / Lotus Juice
259667252,Timid
217889205,Stravy
251708652,Roch Voisine
234538591,Emilio
256915902,Leven Kali
244189962,Sant
49718312,Jay Christ
256599222,Rjd2
229611005,Melvin Rhyne Quartet
222745925,Inception
12160436,Sarah Kapustin
209570437,Diana Cohen
209570447,Sebastian Krunnies
235329371,Kito
5967112,Kiloo
123893792,Shola AdisaFarrar
150750862,Michelle Ojeda
94758032,Lost Decades
234282671,DATSMARWAN
259588122,Ryan James Ford
258976012,Matt
121627162,Lama23i
251849602,Florentino
261572381,Ben Fox
225344725,Santi
252042512,Sevan
205585917,蒋雪儿Snow.J
227695225,RYJU
251496692,Borderland
263723481,Jay Park
248742072,Seo In Guk
262932841,Lucien
234671981,Kyma
259156592,Brunella
9960918,Paris Opera-Comique Chorus
4602630,Paris Opera-Comique Orchestra
2997711,Midsummer's Music
258362592,"Chœur ""Joyeuse Lumière"" de Strasbourg"
77973422,Guy Oberlé
263066881,Anne Van Den Troost
263066891,Luk Schollaert
249563392,Irma Thomas
237258521,Plume
264869252,Elbi
257780492,Floss
252197502,Jhayam
8402638,Atl Garza
266334652,Italia is Kawaii
254517672,Scott James
220668375,Maman
255674272,yoo turn
13656355,Sammy Millz
261054601,Geju
219251975,TH
222426485,Karun
250499052,Dau
233867061,DLGZ
209960507,Daniel Lockert
264680192,Zascha
241438531,Clyde P
4043998,"Soulpersona, Princess Freesia"
812401,Greg Humphreys
257714182,Lilly Palmer
76165362,Swali
141547012,p!x!e
152760,Arom (La Spirale)
252856532,Kim Min Seok
256596372,Max Wassen
247920392,Rush
170181367,The Red Empire Orchestra
258556902,Giuliano
241368341,Cape Town Camerata
4932552,Sugar Vendil
220527465,The Firebirds
249751732,Maurizio Pollini
264845762,Donata
261638361,Iglooghost
261127201,Omdat Het Kan
221331855,Romy
8032361,Prashant Ingole
261353521,Aze
429318,Polar Bears
252924082,Kanaga
13436667,Prodotto di Superti
264344912,Lucca
258556372,Lesky
230077385,EYZYY
255664002,Hina
224996475,Billy Billions
228302835,Aezaddy
240795081,MaLu
236565061,AÜB
267273522,Ozzy Osbourne
250499002,Ernest Ranglin
12264886,V.Falabella
249906692,Marwan Khoury
151768682,Anne Bouvet
258976742,Ophidian
260143721,Seacoast
243189421,Alida
93387052,ZERØ
259716812,Roman Müller
259194362,Mikolas
230507675,Casi Eddy
225509245,Sixsun
4165226,Zenos
153184382,SO/SO
267976732,Sainte Barbe
251981802,Danit
248810812,Libianca
256005512,Leo
227553725,Moat
223613695,Lourena
254140792,Staro
215227765,PABLO
223392905,Rmr
223544875,Parx
265419772,Kaan Can
222475865,Seizur
224481135,Heezy Lee
219332145,Sheik Le Fabuleux
111351,The United States Air Force Band Airmen of Note
3495961,Ken Green
254141542,Chœur Mess'Aje
280519,Choeur Des Moines De L'abbaye De La Trappe
237437631,Chœur et Musiciens de Mademoiselle de Guise
237437641,Aline Behar
8891308,Kayla Loren
238909711,Jmax
105303412,Siigs
263392301,Mark Forster
178477117,Hugo
258399792,Medina
249027892,Rbk
64470782,Big Dick Chima
268761242,Zé Vaqueiro
216091835,Bakû
262522341,Shay Mula
229846015,Tristany Mundu
221778355,HOSHI
135155352,Andrea Lykke
233939231,Cenzo
219416785,LAZE
224960525,Waleed
259814761,Harsh
247270432,Lil Silvio
237288591,Enfants de l'école Saint-Pierre Fourier
249997172,Vista Nuova Ensemble
9342762,James Blachly
3485881,Mark Cudek
237023981,Ilya
221905735,Bahamas
244826822,Asdek
265631562,Jean-jacques Milteau
294224,DJ Maxi
233928251,blue pillows
225069205,Cloud Under
183978507,MGZD
12614957,Tudor
115105662,Mariana Ramos
13459111,Kolo
108484022,RYANN
230831625,Rodrigo Gallardo
222270965,Aquariyaz
216691005,Talis
260009571,Jim Rama
238767921,Tempest
237569601,Salvo
235879061,Sr
1603759,82nd Airborne Division Chorus
4879969,Terence R. Charlston
220277745,Jr.
237218401,Chœur Liturgique Saint-Ambroise
258603162,Ustaz Khairul Anuar Basri Al-Hafiz
11275866,Tran Hoa
248377442,Rodrigo Marim
255130792,Farfetch'd
92030532,Tomas Sevilla
224201355,Devan
126870142,Noun
196715117,אברהם איילאו
229152845,Diesel
215948955,Gabby Mae
90251162,Zaituni Wambui
237354811,Gordon & Doyle
229997125,Rotimi
237351991,Wale
225204055,Sol Paradise
269125612,Vinx
4880091,Dariusz Wisniewski
2746551,London National Philharmonic Orchestra
5300849,Alfred Eschwé
249994692,Guy's All-Star Shoe Band
241126,Philip Brunelle
5037852,Jackson Antunes
1371357,Marlene Strand
229438475,Sixtine
255669922,Hina
266197102,Monique
247708002,Lk
222424025,Helian Evans
238767931,Tempest
222332265,easysheperd
248618812,Heykel
103510672,湯敏
229423545,吳希澤
230831585,Rodrigo Gallardo
151128282,SAINT PICCOLO
10332990,Bria Salmena
10811010,Fahad Seriki
4859077,Yann Gaudeuille
255091062,Pierre-Christophe Neuville
68885362,Arsène B.
97167382,PXWER
259856961,Portable
250315732,Teo Cinti
247445292,YOUNGSO
224751295,The Night Café
260748691,Tazi
234380271,VJ
264119891,Kayla Rae Haywood
248496112,Elvis Costello
167497677,Cole Dozier
268074732,Eminem
244190002,Ace
237424181,banduni
241620021,Dogs
231893935,Daoud
1639919,John Shrapnel
80208292,Schola Saint-Martin de Palaiseau
80208302,Dani de Guibert
254362332,Guy J
2059151,David Ayers
226238465,Brad Derrick
248277732,Luma Elpidio
221536865,Bandolero
264061121,Rakoon
256599212,Rjd2
254517972,Scott James
232629121,Petey
265895622,Albi X
245862832,Novak
252411862,Piano Sunday Covers
226949945,Josiah
223515025,Boffia B
217943875,Deadlyft Music
223634215,Pipa
14434769,Juanka Miranda
231511775,Merkules
223612415,Promoting Sounds
238768421,Jeezy
242889031,Amine
229996695,Hopen
222913365,Yezi
245813592,Sebastien Drums
4528032,Grosses Operetten Orchester
133414292,Fênix
8619156,Frances McCafferty
254068572,Felix Martin
5038396,Chor der Berliner Staatsoper
4104457,Stereospread
8457804,John Gallagher Jr.
222527605,Retrofuture
251339102,Leonce
263010331,MOON haewon
55126702,Alias & Doseone
243332501,Innellea
261308441,Two Men Empire
219548395,Martha Mudtoter
217528595,BabyCorpse
222476095,Lil Lano
269136142,Chill Hip Hop Chancellor
13328309,Losvii
110099972,HUGØ
247373732,All-Star Dave
223665635,chiasme
264145611,R10 Musics
264059381,Jonah Yano
218023135,Witchfinder
217081485,The Sunset Syndicate
237504291,Nissy
190096717,澤村遥(釘宮理恵)
255643792,vSpy vSpy
249563152,Teresa Cristina
252433032,Okis
264789342,Tierry
242180281,Charisma
244146002,Jovan
224108375,حمود الخضر
257980572,$hiro
232699161,Stinky
1603342,John Bacchus Dykes
1571879,Clive Riche
249253862,The Beach Band
1451720,Futura 2000
11360958,Camerata Chicago
4679839,Drostan Hall
197156447,İyiler Korosu
219135915,Luna
264051471,Accept
242381491,Regal
263387281,Ajmw
230584515,Bang Bang
9624288,Théo Moutou
9691666,Gleesh
214288055,Swiss111111111111
78892492,Rayne Blakeman
10306096,Two Real
68092072,RUMEXX
12164364,Keego
258975782,Matt
11380318,Newer
267044392,Elyssa Figueroa
233942551,Jali
262582531,Tiffany Aris
227839295,Mauvais Œil
11818133,Menfak
236890641,4 Promille
223942905,Luwten
252433962,Saf
226439165,Veste
245684202,Glorreiche Halunken
243621462,Donnie
219206875,Vince Stervy
263794311,Van Morrison
256599192,Rjd2
12396,Janet & Jak Esim
224899555,Mercurio
5243158,Budapest Festival Chorus
250498972,Ernest Ranglin
3393901,"River City Six, The"
269961302,Eternel
61815722,Hostage
4827111,Linda Gcwensa
151548602,Matan KG
7794976,Niam St. Luce
259545462,Orchestra dell'AMI (Associazione Mozart Italia) di Milano
224173375,ACT
266619002,Candy Man
119534212,DJ Rafik
233956181,Meet Me in St. Louis Ensemble
259719392,Rushy
112205142,Boga
262628271,RFZ
262978471,Galexis
227026445,Sevensito
109688772,Dave
261432501,Nouvelles frontières France
259115762,Leo Middea
250115582,Wrex
260750151,Yotuel
268046572,JacqLeDieu
248277532,Gothenburg Symphony Orchestra
248837742,Nerida
227637505,Earth
242039501,Vanesa Martín
269186452,Herve Shabba Antenor
4365100,Life Song
224750745,Pool Boy
224898625,The Happy Fits
163963677,Deetweh
242613841,Bakari
259587552,Philippe Petit
266748292,Dll
8109917,Farid Barron
2997401,Joan Yarbrough
7484698,Robert Cowan
261429771,Les Zam'z
258195302,Maîtrise des Petits Chanteurs de Chaillot
263990881,David J
245813622,Sebastien Drums
222396195,Isaac
253118032,Paul Russell
264082421,Honey Rozzelle
262656461,Le Psychedelik Orkestar Project (Le POP)
245556822,Suzanne Collins
229408185,VOCES8 Foundation Choir
109297932,Naraa
223150355,Samantha Tamayo
344778,Luhan
264122141,Niko B
1583693,nAti.
239098681,H. Bray
223688025,La Mèche
260905221,Xoro
223305935,VANNER
258580422,Third World
228784145,Allure
245614352,Hardhead
101536322,Veronyx
217905145,KAU
265325672,Zé Felipe
181878967,Skinny Keym
225202415,Kat Cunning
85669752,Miss Mary
231150805,99GINGER
256528102,Rm
219143895,Mikael
248105362,Kang Seung Yoon
231374535,Daniel Johnston
250903222,Beastie Boys
233318631,Ying Yang Twins
258749182,Master
237926151,Adagio
250018032,Russian State TV and Radio Choir
78672402,American Classical Orchestra
1276031,Vanessa Contenay
258195282,Chorale paroissiale des Frères dominicains de Rangueil
258195292,Dominique Comte
218257545,Maria
12132900,F-Clan
269525442,Dimatik. Monik
264321621,Avc
88067582,Silk
11833989,Dirty Shafi
13867723,deverb
264061131,Rakoon
15169043,"Steve Hackett (Guitars, Keyboard) / John Hackett (Flute) / Nick Magnus (Keyboards)"
257362442,Waveshaper
260750521,Lazarusman
56137272,Whoopy
249967592,Kuda
248810822,Libianca
70650962,2AMONCEAGAIN
264130681,wineprada
84525132,Escala (Tu estilo musical)
112210192,Tilila
269012912,66shadows
232718921,TWAN
222917715,Lotus Juice/川村ゆみ
223692185,The Saints
253915292,Sohbek
242240351,Luz
121758242,Joby Mizik
246408342,Kaval
257214232,Bolth
261487111,Mvrian
211092847,Jvcriaa
264852542,Dj Bens
227229755,Pale
261505921,The Neighbourhood
231169085,Nixo
225346205,Madeleine
262448751,James Taylor
234781771,Unite
249451242,SXENTRIUM
14971755,The Afro Messengers
263344,Jackie Mittoo and the Brentford Disco Set
237238061,Les Petits Chanteurs de Touraine
237238071,Abbé Bernard Tartu
237238081,Maîtrise Saint-Léonard de Fougères
242040491,Luis Eduardo Aute
258580782,Morgan Heritage
11260780,John Garth III
11260782,Clyde Turner
1355439,Original Broadway Cast Chorus
11284256,Original Broadway Cast Children's Choir
455824,Jose Manuel Zapata
2740781,RTBF Symphony Orchestra
3005431,Gary Relyea
250114372,Liesel Fedkenheuer
95528932,Michael Colvin
4797607,Krisztina Szabo
4797354,Alain Coulombe
11033114,Canadian Opera Company Orchestra
6548269,Richard Bradshaw
3364691,Joachim Held
305451,João Orecchia
5503693,JennyB
227349265,BNB
224046345,Kaleido
207554277,Père Fabien
5151226,Nathan Schultz
267881872,Spectrum
255822012,Siaka
231877445,Sienná
223136215,POOLS
222912525,Kamil Ghaouti
261719111,Ataraxia
244428772,Restricted
1142626,Jivan
261176211,Joe James
14514735,RKJ
5838940,Devia
258561852,Andy
54566302,Iloveu
268226872,MÙ
242171861,William
253324042,Jamey Johnson
229809715,Bagarre
250608702,Jordin Sparks
177762107,Zeuta
254102892,Dani Martin
227552715,Rutra
14448477,Joshua David Harris
216279805,ExtraGirl
234170311,Abduh
6289452,張露
8333346,Cécile Vénien
1058889,Cedar Walton Quartet
1282430,Dale Barlow
2997501,Barbara Meister
261451291,Esther Guerry
245880282,Capucine
230320665,Dirty Harry
244190652,Dub Fx
9302028,Count Ossie's Rasta Family
9302330,Winston & Ansell
8733686,Jared Sweetman
222720105,Skeler
224108415,Hidden Empire
225479845,Promises
139067312,Empty 7
237216761,Sorcerer
219098715,بلال طاكيني
12141902,Joël Lobban
230080335,DiD!
237773621,La Gente Pide
227191455,Bereng3r
229714975,Politik
269902462,David Kushner
237925601,Adagio
4716866,4 + 4 Di Nora Orlandi
224184585,Ava Baya
264121751,Niko B
96622042,Astro
250274012,Pacific
223925475,Ms Nina
231427545,Karla
225829985,Choko
217536465,마찬우
261979131,Valerie June
263938151,Bliss
226008085,Astrid Lindgren Deutsch
49565052,Dani Rose
224809255,Nay
250342252,Siz
220547265,Lucci
1185658,Crix
250263962,Inès Souki
129112092,Mike Dean
241802301,Pulsedriver
226010455,HOAX
236990031,Alexandra Burke
225609115,Nuela Charles
152371822,Elefant
227635975,Ikky
218387815,Zeto
246565882,Bria Skonberg
262867901,Oneus
222913015,Besomorph
56379962,Trevor Poole
257714132,Marina Sena
248324502,Nare
7731896,Browski
244966272,Blümchen
613850,Ben Scott
3000371,Charles Gates
4950070,Stacy Rodgers
1603347,United States Air Force Concert Band
4781790,Keith H. Bland
7395222,The Nun Project
557364,Billy Burke
4059961,C.O.H.B
263392191,Teoman
236308451,Gautier
240470361,Solid Gold
254100602,Ed Harcourt
233734881,Populous
218968565,Josef
258580822,Morgan Heritage
263941251,Foghat
238767841,Tempest
259614062,Ikuinenkesä
261802501,The Box
68391412,SHANGYUN WU
259271352,Matroda
221543855,Dan Auerbach
236237581,Sarah Jeffery
219404105,Best Youth
221520795,Faustine
257289762,Aswell
175003637,AZ NHJO HYENNROXY
244383262,Roko
217446605,Wad
244056802,Mc Rebecca
255926912,Hrdy
267427822,Mindflip
266290792,Revenge
243634312,Panikoenlasala
104825602,Fernando Reincidentes
220768835,Mylez
59437012,Anne Louise
260379591,Yesh
265895772,Bisken
252387362,Pigeon
12539158,El Dago
194472917,Miloware
4862443,Davi Fernandes
168830137,Cultura do Céu
244141182,Albina
183825297,mizuki
252939252,Ablaze
230522885,Anamanaguchi
229926125,Moody
226566545,Sonic Boom
230976065,prod. Xammer
121828702,Gaelle Khoueiry-Jaber
262448791,Btob
268911662,Prima
230477655,Sebastian Ayala
269230672,Saxbones
226783735,Espinoza
232567301,NΥCO
224297555,Mariana Nolasco
266813442,Adø
258580812,Morgan Heritage
239003651,Noa
225424765,Phoebe Axa
248860362,Beck
230376615,Maryam Saleh
209668097,Sweety Ofiicial
232026365,Morgan
256597972,Tatsunoshin
234316491,Cheb Houssem
264286271,Wheatus
255987822,OCTS
244701392,Dj Katch
253194962,Luccas Carlos
223925165,Drex Carter
236990111,Teni
234248461,Siouxsie
266749812,Chorale de l'école des Ursulines de Mons
266749822,Chorale de l'école Saint-Jean de Douai
257012662,82nd All-American Chorus
1641085,John Evanson
1641087,Grace Rossiter
250498982,Ernest Ranglin
2702171,Conrad Chow
209809467,Arlene Kies
2999841,Sharon Ruben
209826667,David Brunetti
2690971,Mariachi Vargas De Tecatitlan
218691935,Slope
267910002,Shireen
243155661,Schola Saint-Sauveur de la cathédrale d'Aix
268362922,"Rhapsody,"
4671869,Stefan Litrownik
4848864,Vyacheslav Artyomov
242040231,Nanette Workman
258788181,Anubis
265629872,Pajane
222975015,SEPI
245880312,Capucine
6152358,Jah-Lil
230349005,LMNE
260600751,Harry Cho
239418381,Soley
250422432,Sadey
268495412,Reda
226214435,Preto Habitual
253116712,Lil Mama
221653125,Moteco
4539834,Evan Walsh
219570745,Ares
243936712,Chan
220273725,Jr.
241259031,Lum
5545796,Nick Hook
5131227,Yahya McDougald
264512712,Toboë
236006521,Sonora
136758642,Le R Prods
229559585,Iris2000
236847661,Barrueco
229332275,Daneliya Tuleshova
249656842,Simia
220270645,Jr.
222719425,Dlmt
244890042,Bamby
69617502,Josh Andres
267681382,Kilian K
218666295,TheRealSING
259185762,Raho
210837057,Brettina and Incognito
5650424,fraen
214224195,Le Murmure
268592812,Lospetitfellas
240522901,La Rito
245023022,Caravel
256152052,Dan Winter
241801771,Peet
222953075,ELI & Co
247367182,Nuir
251981832,Danit
175712077,Blowup
231373665,Capella Grey
220830765,Amertume
225915325,Visuals
225481405,Yusuf Islam
225481395,Yusuf Islam
225049145,Gabrielle Current
5576270,Bunkle
236507991,Filthy Peasant
225049395,Eight O
223668545,Kvsh
225915205,Numen
226236855,Vérité
250449622,Alt-j
243539981,Kaba
239975951,Alice
251851312,Lossa
224560395,Buray
224996655,Manuş Baba
158055392,yaniss croze
261353171,Aze
236732521,Ian Brown
221335245,Sokra
220274455,Jr.
1187461,Camilla Munck
251621682,David Bird
4018884,Nat Reeves
261698751,Choeur des moines de l'abbaye Sainte-Anne de Kergonan
266749802,Enfants de l'école privée Saint-Merri
4126101,Three Admirals
14520851,"Failoni Chamber Orchestra, Budapest"
1641470,Istvan Bogar
2997341,"Rachmaninoff Trio, The"
2997451,LiveOak
2997901,Dana Muller
3326591,Gary Steigerwalt
2998111,Betty Ann Miller
2999251,Luciana Soares
209710447,Michael Stepniak
1071149,Rodney Waters
1697884,Royal City Saxophone Quartet
3393911,Al Yankee Jazztet
7200098,Magyar Szimfonikus Zenekarok
230762835,Paleface
4339136,Universal Message
9878962,Buddy Esben
4839380,Daniel Myssyk
5377377,Stéphane Unger
243155671,Ilona Verney
243155681,Classe de chant de l'école de musique d'Annemasse
6482535,Marc François
243684292,DJ M.E.G. & NERAK
260587411,Shredded Ermine's
266803632,Roberto Rodriguez
9910190,Geszti
156458452,Roland (UA)
251776772,Tribe
227636245,Jux
261010061,Caelum
223360235,Loglife
226951475,Alam Khan
412655,Living
159965422,Cadenza The Group
258162852,Forrueiros
217585625,DJ SinStar
154276642,Quarter To Africa
77236622,SOH SOH
262030421,Models
222379405,ARCHANGEL
9155734,James Gordon
11916733,Jesse Kendal
223458055,Cristal
231411275,Dave Evans
8092097,Chris Manak
55648042,Severin
236270131,DJ Nene
220103155,EGEsupport
184448627,NICALI
201264037,Sebastian Luke
261054621,Skillibeng
113873232,TKPRJ
259588102,Ryan James Ford
231375565,JellyFishArchive
143847402,Funtime3Freddy3
216638735,Tatane sdt officiel
83963062,Agah Terzi
265315332,MADMA
259588112,Ryan James Ford
245684242,Mc Jefinho
217820245,Vai Polly
253783142,Esper World
1412718,Mauvais Dieze
257939782,Nomi
260905191,Xoro
106400112,Alio
12233268,Dominik Vona
261058131,9lives
78963752,Seo Hyun Jin
217442685,Fischersund
261229391,Dohnny.H_PDid.It
141683852,Ja Rulay
148250982,Fixty Ordara
227578555,Siyé
235942811,KAIZEN
256451132,Lupage
268545382,Bukola
240561391,Spica
266175692,Aymen
226067715,Fuse
261056251,Urbano
221360975,Lady Mood
231374415,بدر العزي
208834467,MIRAC SARI
243692472,Faust
240073401,Boys of Tomorrowland
232560731,Dagny
243936102,Marie Davidson
231485935,Covers by David fils de Momone
223881415,Awfultune
244966022,Moshtekk
191194617,ShaunMusiQ & Ftears
222475775,Paula Douglas
11173734,AudioFlex
13546511,Broadcast
231830575,Satellite
241263471,Flyte
216910905,Ruger
222631225,The Kingston Dubplates
5990966,Charles Clayette
229606855,Kenny Garrett Quintet
229619795,Orlande LeFleming
265591972,Manuel García
1603309,15th Field Artillery Band
5488290,Richard van Slyke
261429761,Heureux comme ça
5642774,Vasily Jelvakov
1639640,Erno Rozsa
209570167,University of Cincinnati College-Conservatory Chamber Choir
8749592,Ruth Ehrlich
3326461,Marcia Eckert
249988092,"St. Germain,"
4882473,Carsten Suss
248558212,Saiko
223881695,David Bustamante
239577391,Patty
225204565,Hall Of Fame
6965993,DJ Disorder
5861319,New Vienna Octet
225050085,Air Waves
74996402,Primas Stefan and His Royal Tziganes
259695432,David August
260682981,Marcus
176911517,Maeva
263833691,Fractal
236421101,Jeff Mailfert
9900034,UNiTE.
234316521,Beltran
230323865,I-land
244351312,CoCo
4138074,Giorgos Lempesis
229588515,Maïs
168947037,SWR Rundfunkorchester
238304291,Suzanne Ciani
256642302,Lama
263686871,KING KRAB
13569847,Joe Scarborough
226041515,Rico Rich Records
72794972,Oscar
59867052,Yerai UK
269802852,RU Rock U
262584591,Levt
222424845,Sonamoo
11071032,The Cutouts
234696761,Marita
252162682,Lighters
247820852,"Zivert, Comedy Club Cover"
229473845,FKA Mi Ka
9624522,Marjana Semkina
267454562,Ellende
260681451,WHO I AM
251909902,George Masri
263722631,Julia Holter
259855751,Maurice Lessing
252487782,Nazim
268062422,Sophia Della
221541535,Scripture
3858081,Koo Koo
260955561,JOHAN
82298542,우디 (Woody)
398947,Blessings
5098674,Joshua Golden
218691875,Slope
265290142,Saint Juvi
157966252,O'kenneth reggie
265960722,Justine
247270132,Einmusik
14105043,Sofia Anessiadis
222219255,TOUTESTROSE
260835191,Steph Green
229716785,Pink Room
992483,The Tearjerkers
269267882,Wysko
6503617,Israel Costa
245237522,Ogranya
234230181,Cactus
250544442,Collectif Nos
262583791,Bcmp
235329361,Kito
252171862,Nax
15001347,Reina Washio
251532212,Sohan
222132225,Reliquus Music
267574092,Cliff Jones
263239631,Ivna Ji
4618951,Moshe Keinan
222293995,Tonioisdagreatest
10509773,Rade Sklopić
117002072,Juniper
243562731,Miro
192105297,julie on the internet
254723212,Mattn
269786102,Get Far
229755885,Nujabes
262166551,Fire At Will
218829985,Oggy
242243571,Azealia Banks
193667137,Jace!
217560685,Jessie The Skeleton
245557002,Jozzy
266774022,Calequi y Las Panteras
71495712,KANAWA
229498255,Daze in Bed
249029572,Alex Rose
14880863,VELINO
224560905,Yoon Mirae
5141543,Claire Delic
269642442,Ru.B
56465722,Bën
217579915,EMA
218257525,MOORE
232700341,Mose
234420861,Atma
230374745,London Contemporary Orchestra
269721662,LŪV
73378592,Fimiani
230311385,Kosco
227787635,Trees
218129905,Sirius
223925105,Mell-ø
127396382,Yin Xi Mian
230580885,Len
160980272,Madam
231085105,Battles
127067402,Ize
227418575,Uniiqu3
246565602,Kima
250800332,Nestor
227418875,Lauren Aquilina
243936682,Gustavo Lins
223925485,Ms Nina
222217395,Violets Crush
223944655,Bestie
254761442,Yellowitz
261241961,Momoland
236989471,Pacific
222911705,Filatov & Karas
226236735,Cuca Roseta
226439385,Destin Conrad
234170321,Abduh
248105402,Night Lovell
260967151,Kamini
255203752,Cezar
230763055,Geovanna Jainy
52042872,묵
250449612,Negra Li
223667805,Mhd
219954795,WoMa
254822142,Naika
404429,Divorce
13192623,Jujuboy
227028035,MAGICK AURA
227787655,Kirill
248377142,Mega
238878931,Emrah
254972072,Natalia
7572854,The Mystery Of Bulgarian Voices Choir
1474999,Sofia Orthodox Choir
227764325,Tuff Darts!
826127,Night Train
8007754,Jean-Pierre Kempf
238205391,Buoy
268381962,Enola
195916147,Gabriele
121841692,The Masterdon Committee
49518962,Exo Kids
254424062,ECLATS DE JOIE
4880368,Colonne Concerts Orchestra
4243348,Larry Douglas
308695,Dorothy Sarnoff
1639609,Joanna Graham
8011876,Catania Teatro Massimo Bellini Orchestra
9693308,Culwick Choral Society
9693310,Bray Choral Society
9693312,Dublin County Choir
9693314,Dun Laoghaire Choral Society
9693316,Cantabile Singers
9693318,Goethe Institut Choir
7840824,Phoenix Singers
5871744,Berit Cardas
250027122,Alma Mahler Sinfonietta
6501751,Stefania Rinaldi
4879966,Quido Holbling
6209290,"Musici di Montreal, I"
2741861,Budapest Strauss Symphony Orchestra
3000521,Susan Toman
1211921,Giuseppe Paolo Cecere
7391172,Wolfgang Reithofer
249981962,Frank Jishie Jr.
249981972,Raymond K. Yazzie
3391171,Vincenzo Macaluso
6330532,Orelia
221592075,M. Bonilla
4499005,J. Salazar
4637843,Shank-Maclaughlin Duo
2999551,Jon Ceander Mitchell
260826281,Ananui
1348622,B - Tox
252350142,Scanners
6396630,Greg Ruby
6396626,The Rhythm Runners
244056772,Delino Marçal
237654911,Ictus
240194001,Womans
215913445,Okis
244757872,Vanilla Gorilla
230611015,Loverboy
132466452,Les & Bunny
224591875,Suzette O'Nil
229996645,Empress Of
243575601,Hudson Martins
9648254,The Tito Lopez Combo
11545705,Romero Mosley
244775852,Drottningholm Court Theatre Chorus
252957142,Meursault
1275420,Paolo Bernardi
6344520,Frédérique Brun
6344522,Philippe Khoury
63987222,Perfect Giddiman
251344492,Irina Lazareanu
129706182,Anaïs Duquesne
251344502,Bérald Crambes & Félix Hemmen (BB Brunes)
8283274,Alexandre de La Baume
239626231,NNTYTUU
8658468,John Dunsö
237887551,S'BO Gyre
223139715,Eureka
115395082,Gloss
259269392,Jacknife Lee
331960,Der Dicke Polizist
267012612,Yashna
4696268,Rikke
231295695,Kaydoe Muzik
255358792,Frequency
259624212,Joffrey Lacrozik
184630707,Ollen
67790892,JOSE MARIA GARCETE
68778042,D.A Tha Flame
242942041,Jeremy Johnson
242816921,Maruja
5314165,Nam Tae Hyun
259773031,JEFFE
244056792,Delino Marçal
95618242,DAYOUNG
267089622,Grouper
171934337,Yur
1593307,Charles McDougald
257787732,Kimeraa
264398532,B I L L Y G
221544445,Soul Grinder
243407231,Zö
1406808,Jean-Michel Bessot
240530381,Young2835
225777705,Wine On The Carpet
225692005,Okash
7359990,Art of Illusion
261057981,Pickle
215250845,ollonelycat
246377482,Darlington
280580,JIGAR
257652482,Yusan
208424917,Maureen
121482052,Alex $Moke
222917745,川村ゆみ/平田志穂子
251980452,EverybodyK
229311565,Pole
245466982,Gustavo Mota
203455777,Deepwell Surprise
252912122,Nik Bärtsch' Ronin
257751682,Rin
230720285,Avi
267298652,Keysi
225401615,Black Mountain
221484305,Iss
252742912,Silverada
230762575,Cailin Russo
258850611,Sanctuz Music
264842562,Ella
115741092,Otigba
87757042,A55
350997,Afila
169035417,Bibi
266258102,Azumi Inoue
7381908,Gally
75642722,L'ORM
233634741,Cecily
244018612,seed.
222475245,Srno
268496292,Reda
255783742,GUMMO
72630942,Beslik
261058271,9lives
248184452,Bamby
267992242,Romaric du Causse
83946242,ADYM
253949842,junowhyy
236318701,BBK
220111765,PRiNCEPUNK
91761172,Hyeju
226000975,Laza
11709147,ALASKA
261588551,Hikari
234316541,Beltran
263500521,MOBEATS89
268391852,Cave
259879401,TUFF DAEHEE
214253045,"YU HUI HYEON, PARK SE JUN"
105439992,박세준 & 송재경
104019162,JUNG MOON SUNG
245055052,Anthea
262395971,Saiko
225502455,NSG
254496212,Anyma Blue
223925545,Fourwalls
258258882,Auriq
77498982,Ace
233418461,Elle Cordova
223909075,Burak King
247766752,Thea Alien
217602875,M.Ö.S
233736041,Marc E. Bassy
233942251,Anjulie
243057531,Dieter Bohlen
78428422,Omma
13189211,Skylar Legend
135117072,SP!CY
247174052,Carlos Baute
268176402,Bennett
227047535,Valentina
243578091,Doves
243852262,Dusty Locane
246081242,Amour Propre
86460712,Céline Meylan
233948951,Carlit013
10745104,Last Train
258580382,Joji
263055901,Saiko
252918072,Reaven
222633195,Damián Fowler
225289645,Valorant
224441065,samijuice
246276422,Nach
221211645,Johnny Molina & Los Sabaneros de Aniceto
223544595,Teddy Teclebrhan
15066591,Eleria
251626242,Eclipse
227412075,Mountain Fire
249029392,Yazoo
5567013,Larry Branson
2761821,胡瓜
262669151,Lou K
6008132,姚莉
6211898,曲奇
81851882,Suave
247552002,Malo
242395291,Spacecraft
5983374,陳嘉玲
5983378,袁潔瑩
5983382,羅美薇
6354480,浮世繪
229603095,Kenny Barron Quartet
229618235,Justin Kisor
253858302,Wilks
5578281,Jalaludin M. Nuriddin
6332428,Collegium Novum
335463,Hal Hackett
1355438,Richard Oneto
1640357,San Petronio Cappella Musicale Soloists
4879904,William Goldring
191525987,Mister Abbas
126513,Don Lusher Big Band
217749905,Close Up Over
265373102,Seal
1641286,Howard Zhang
3000391,John Mark Rozendaal
109988,David Schrader
3001121,Hector Valdivia
6320502,Quarteto Lopes-Graca
3002621,Alexey Kurbatov
3003241,Joseph Macerollo
11620789,Composers' Orchestra
1637409,Gary Kulesha
3003581,Jean Stilwell
4797459,Robert Kortgaard
1412984,James Parker
8089201,Bryan Epperson
8089221,Maurizio Baccante
4797443,Roman Borys
4878597,Simon Fryer
4797288,David Hetherington
194110037,Roberta Jansen
7792416,Paul Widner
3002921,Ernest Macmillan
6769065,Kofi Ackah
7522816,Gwen Hoebig
3005561,Wladyslaw Klosiewicz
8639332,Byungki Hwang
259200122,Jung-Soo Kim
9637370,Max Bragado-Darman
262089311,Rebel
5896579,Klaus Hoffman
221592055,E. de la Malena
1259052,E-Class
11291096,Cheikha Djenia Kebira
260687171,Forum
4797272,Tony Nickels
4797269,Sheila McDonald
4797271,Laurence Mollerop
4595741,John Celona
4839940,Benoit Cambreling
4839939,Wolfgang Karius
83779782,Chico Rey & Panará
258261182,Antent
225668335,Whisper of Dawn
218394685,Krypton
12326548,Katia Staehli
6575017,Guillaume Aubert
225425995,Courtney Act
250644912,The Mission
4565979,Estrela Blanco
264639782,İbrahim Tatlıses
224517875,Les Joyeux Strasbourgeois d'Luschtige Steckelburjer
232658581,François-Xavier Perrin
262627661,Francesca
237928171,Adagio
35002231,Roberto Casas Torres
225093355,Sterre
15188603,Emmanuel Obamas
15188601,Dread Head Gillie
51695432,Blonde Diamond
225533565,Epica
236537701,Nand
223319885,Mindtrap
260007921,Alexander Oscar
227834975,Microbe
239322861,Granular
267798852,The Serpent Power
4231874,Josh Joplin
237972981,Kor - Mulan
239099951,Christos Aidinidis
72977592,Roberto Carlos
221656425,Franny
496004,Zé Luiz Mazziotti
1012799,Tashi Wada
6073776,Yoshi Wada
138285942,Tom Egger
240259581,SuperMarket
220973875,The Wizards
97679042,Orquesta Renovacion
252493252,Bloom
224948225,Ayanna
266077592,Gladiators
234170121,Leslie Clio
225748965,Epidemik Fighter
145558702,Oki
263628021,Ana María Archilés
190794687,CHASEDAE
58562082,Kepi Ghoulie & The Copyrights
223544755,Land Of Peace
56242242,Roxane
251882962,Jangyunjun
253118042,Paul Russell
261057961,Pickle
7033365,Jason Bradshaw
4585538,Mike Farris & The Cumberland Saints
247552102,Malo
218378425,Harmless
14815547,Alexander Panfilov
5695231,Elwa
667842,The Ninth Floor
7750162,Eli Perez
245416022,Mozmin
102609892,Jalex
233318621,Ying Yang Twins
231279285,Annalu
123534032,jeremyy
259983701,The Clair Marlo Project
268503222,Zeck
7283740,Ivel
239574311,佐々木 寿子
218373235,Maz Univerze
147883342,L2e
104759932,Ad Infinitum
250264412,Schade
182052527,{oh!} Orkiestra
234485721,Dave
264373132,ADL
260457141,CRVNG
1105418,Milion
5914767,Anatoly Maltsev
246500952,Keed
257654212,Criolo
196074257,Grani Memed
253118052,Paul Russell
228305245,Mariza
250545832,Bobbie
111553702,KS Pon Di Mik
249461912,King Dose
259425442,Fisherman
252513582,Radix
227001595,Kabbalah
225103335,Mercenaire
266778362,Группа московского камерного хора п/у Людмилы Урман
246639422,Chillz
191741467,Magda Ignat
226140535,Lucile
1493110,Rob'n'Raz
239616541,Khotton
245053862,Anthea
268503122,Zeck
263501871,Kethan
222917755,川村ゆみ/Lotus Juice
226440435,Chartreuse
124912772,Thérèse Cantin
209959617,ViBE
238125671,EVARISTE
249751792,Md Chefe
11532849,Chad Walt
267055952,Now O Later
252724392,GJ106
5520396,Samu Aleksi Haber
180269507,Vic Audemars
219864365,Max Beirne Shafer
134178372,Natalia Maczek
268717952,Mcr-t
8250050,James O'Connell
252693222,Kenny J. West
8839662,Fount
257149672,Sad Madona
225513935,Palmyre
77271272,Khalif
260750551,Lazarusman
243533841,Stërnn
226567125,Ahmed Basyoni
158234982,Corrupt System
223926025,Wave Wave
269829612,Wado
259673452,Blandine
6673154,Valentin Pi
9337956,Danand
258307512,Juss
254166282,BOVIY
249229662,Skids
260758471,YoDt8
130013042,Mc Meduza
5795901,L'intrus
231083155,Emelie Hollow
267271772,Daks
9259996,Maria Monica Gutierrez
224189845,Mazze
268547502,Romsii
244268752,Lyric
267672352,Odija and Dewey
10789432,Louis Billette
218517975,Dylan
123710902,Matt Moln
224394525,Linda Elys
256598572,Braaheim
227020435,Светлана Назаренко
237641121,Les Valentins
258828301,Nory Dolla
263557881,Isaya
14723269,Joaquín Villazuela
257412852,Nani
248879332,Mistery
58678142,Emilia Dides
246090662,Tomoroland
217866085,Asake
266521172,Moka
89291502,Бахтавар
242785281,HarpistKT
247816962,Appaja
148162162,Kinnaird
242429061,Divittorio
263159201,YAME
250402562,Skazz
226787015,Deyaz
252996262,Pakora
268503022,Reda
233585341,Wapyan & Pablo
168888987,DI SUN
233942981,Keke Palmer
254396742,박세준 & 송진석
104019182,Han Jaeah
226954655,Tibby
265895732,Craig Walker
4650829,Isela Sotelo
220195775,Griffy
269422232,PEYO
252944462,CXK
221004165,Arkangel
219083485,Murillo e LT no Beat
228780535,Mila Dietrich
248495992,Cuco
259428972,Antonio
252782102,Redless
251905502,LukasBS
224053395,Captain Planet
229546305,PROJECT ACES
221911505,Loba
59674462,Sophia Barclay
260455931,Lothar
260654601,Calista
95395592,Munzevi
244966252,Gudfella
243002201,Rania
219544935,Pivi
262345441,ioanold
268672772,Antônio Delboni
265629862,Pajane
264732042,Shozin
179067447,"DJ IC, DJ Jim Mastershine & Idd Aziz"
235589291,Facesoul
226883665,Jay
227231255,Shabazz Palaces
235043721,Will K
233318281,Anis
237125181,Del Amitri
246748992,Amné
218813775,Daz Swann
236126671,Potato
225425455,Dathan
222778845,Alan Walker
246382112,Casus Belli
257285232,Barry Johnson
147620422,Aimer
242758391,Niño De Elche
253909062,Tulipp
135950612,Suga
224480605,Luíza & Maurílio
222414365,Gashi
268308672,Bloodsucker Chaos
264640432,Taeyeon
224109895,Max + Johann
226236725,Cuca Roseta
224561175,French Fuse
243683962,Yanky Films
254655642,Moayad Aljabal
241437891,Hintrland
256918742,Dara Bubamara
146450622,솔루션스
235877261,Sole
263794281,Anne-marie
248377422,Mariene De Castro
225861685,2 LUNES
148168612,Venna
14336655,Lasco
249059472,Falco Skye
262215381,Keina Suda
181685617,Loyae
258580732,Gordon Lightfoot
252482132,William Robertson
248277922,Danny Elfman
232333431,Sitting Duck
12205648,8waves
224108285,Navos
261265441,COX2
248620012,Christopher Martin
222632015,Loren Gray
84047242,K3
253611262,Guga Meyra & Duas Medidas
235588301,Syd
265203022,Rks
248620022,Blacko
230831575,Rodrigo Gallardo
224110325,Артем Качер
231512185,Emin
220061775,Brume
245556812,Droplex
233586231,Inhaler
229926345,The Soft Moon
246316332,Pablo Milanés
167721807,Liamike
267271792,Daks
262311001,Zeuji.
257214192,Bolth
225204925,Bira
249619372,Adel Tawil
243475821,Markus Becker
162323727,NOOR
222779095,Tayron Kwidan's
231428195,Hera
