"";"dz_artist_id";"dz_name"
"1";"200644277";"liam chapard"
"2";"171441007";"brikiris"
"3";"167998637";"fjellson weber"
"4";"157330952";"jaime mason"
"5";"122281562";"tomás peire serrate"
"6";"121659382";"simon leoza"
"7";"120356632";"nel aique"
"8";"116242992";"vetle nærø"
"9";"113557282";"eydís evensen"
"10";"107026052";"paulette verlée"
"11";"105611132";"lindolfo gargiulo"
"12";"104063202";"alkemie"
"13";"102836582";"søndag søndag"
"14";"101101852";"swaffer"
"15";"98194612";"yu-peng chen"
"16";"92837852";"a. blomqvist"
"17";"91608322";"reyn"
"18";"91338362";"julian tenembaum"
"19";"91229092";"eusebius"
"20";"87101802";"david jalbert"
"21";"75755802";"elliott jack sansom"
"22";"74001872";"stelios kerasidis"
"23";"73719072";"megan wofford"
"24";"72392042";"hiroco.m"
"25";"68924862";"rebecca jean rossi"
"26";"67675532";"alcon blue"
"27";"66913692";"alexander mercks"
"28";"65594902";"jacob mühlrad"
"29";"65526602";"davide sammarchi"
"30";"64674272";"nel swerts"
"31";"60651622";"ncsound"
"32";"60223962";"gavin luke"
"33";"60223302";"silver maple"
"34";"59528942";"konstantin kokourov"
"35";"56942042";"emiliano blangero"
"36";"56170302";"hoyo-mix"
"37";"55806922";"cameron segal"
"38";"55034012";"herdís stefánsdóttir"
"39";"49537572";"cecile seraud"
"40";"48249782";"nico casal"
"41";"39595782";"martèn legrand"
"42";"15277391";"jordane tumarinson"
"43";"15222673";"minxz"
"44";"15212983";"edmundsson"
"45";"14754719";"domenico masiello"
"46";"14278451";"ô lake"
"47";"14129449";"dirk mallwitz"
"48";"13926913";"jamal green"
"49";"13876245";"marcello liverani"
"50";"13808769";"by gunnarsson"
"51";"13591043";"john corlis"
"52";"13467317";"sirius eyes"
"53";"13143363";"andrea vanzo"
"54";"12629751";"joão balouta"
"55";"12584982";"ilmari hakkola"
"56";"12566278";"hania rani"
"57";"12494746";"piotr musiał"
"58";"12336168";"riopy"
"59";"12336168";"jean-philippe rio-py"
"60";"12292510";"piotr wiese"
"61";"12281358";"kali malone"
"62";"12276898";"rafael krux"
"63";"12137584";"isobel waller-bridge"
"64";"11866597";"kelly moran"
"65";"11646065";"moux"
"66";"11494338";"dario lessing"
"67";"11430370";"olivia belli"
"68";"11425202";"stefan truyman"
"69";"11415316";"jung jaeil"
"70";"11389690";"melissa parmenter"
"71";"11288256";"tim linghaus"
"72";"11085344";"concernedape"
"73";"11082932";"stephen malinowski"
"74";"11062200";"alban claudin"
"75";"10972226";"luca d'alberto"
"76";"10901302";"ed carlsen"
"77";"10834900";"michael forster"
"78";"10616223";"gian marco castro"
"79";"10495577";"anne-sophie versnaeyen"
"80";"10468691";"toby fox"
"81";"10113628";"nathan shubert"
"82";"10069076";"mattia vlad morleo"
"83";"9999386";"camille pépin"
"84";"9961862";"harry allouche"
"85";"9961172";"lucas debargue"
"86";"9935534";"daigo hanada"
"87";"9926222";"matt stewart-evans"
"88";"9789718";"jean-michel blais"
"89";"9644422";"garreth broke"
"90";"9628436";"luca mazzillo"
"91";"9582452";"erland cooper"
"92";"9471096";"federico mecozzi"
"93";"9379488";"belle chen"
"94";"9226654";"saul simon macwilliams"
"95";"9101498";"caroline leisegang"
"96";"9042652";"jordan gagne"
"97";"9029852";"peter sandberg"
"98";"8980120";"sergio díaz de rojas"
"99";"8946662";"david ridley"
"100";"8629006";"emilie levienaise-farrouch"
"101";"8624214";"dmitry evgrafov"
"102";"8591530";"kim andre arnesen"
"103";"8584832";"armin haas"
"104";"8572072";"gabriel saban"
"105";"8202452";"alex kovacs"
"106";"8170784";"anthony willis"
"107";"8167204";"anne chmelewsky"
"108";"8056145";"joel nielsen"
"109";"7987470";"florian christl"
"110";"7880674";"niklas paschburg"
"111";"7799750";"julien marchal"
"112";"7619102";"hasan ozsut"
"113";"7373986";"maesa"
"114";"7307038";"mikolai stroinski"
"115";"7131431";"gunther hasselmann"
"116";"7004385";"olivier cussac"
"117";"6974805";"elitsa alexandrova"
"118";"6868719";"norman dück"
"119";"6868135";"luke woodapple"
"120";"6747671";"justin hurwitz"
"121";"6730475";"julia andersson"
"122";"6619904";"pasquale laino"
"123";"6505041";"wilson trouvé"
"124";"6486101";"nicklas schmidt"
"125";"6416622";"marcus warner"
"126";"6273246";"mikael ayrapetyan"
"127";"6269794";"alexandre lessertisseur"
"128";"5985650";"gothic storm"
"129";"5981534";"chris tolley"
"130";"5962324";"hildur guðnadóttir"
"131";"5907855";"samuel sim"
"132";"5894071";"nima fakhrara"
"133";"5870020";"darren korb"
"134";"5841598";"elisabeth skornik"
"135";"5821760";"evgeny grinko"
"136";"5782590";"ola strandh"
"137";"5777720";"lorenzo tomio"
"138";"5744953";"thomas couzinier"
"139";"5742859";"raphaël sévère"
"140";"5659523";"gary lionelli"
"141";"5604436";"john williams"
"142";"5602713";"danny bensi"
"143";"5543152";"ron verboom"
"144";"5500217";"aleksandr kopilov"
"145";"5490706";"matthew wilcock"
"146";"5469905";"graham plowman"
"147";"5442017";"andrew prahlow"
"148";"5436755";"matthew raetzel"
"149";"5425000";"sherry shieh"
"150";"5381337";"stefano guzzetti"
"151";"5376135";"shida shahabi"
"152";"5368041";"jean rondeau"
"153";"5335252";"sofiane pamart"
"154";"5323776";"ben laver"
"155";"5319649";"michelino bisceglia"
"156";"5314275";"lisa morgenstern"
"157";"5311691";"eugen doga"
"158";"5295709";"david reichelt"
"159";"5293307";"peter crowley"
"160";"5290124";"sylvain texier"
"161";"5275284";"dominic lewis"
"162";"5248555";"clamavi de profundis"
"163";"5162988";"andrea viscardi"
"164";"5127952";"david fleming"
"165";"5111884";"nicolas horvath"
"166";"5061790";"frode fjellheim"
"167";"5028082";"alma deutscher"
"168";"5003421";"michael a. levine"
"169";"4989008";"jiří horák"
"170";"4948207";"david motion"
"171";"4933323";"jan valta"
"172";"4908281";"yuji nomi"
"173";"4892588";"michael logozar"
"174";"4883967";"johannes bornlof"
"175";"4879659";"bryce dessner"
"176";"4869931";"michiru oshima"
"177";"4845139";"jonas colstrup"
"178";"4841567";"philippe brault"
"179";"4837025";"masashi hamauzu"
"180";"4811669";"guillaume ferran"
"181";"4783128";"rutger hoedemaekers"
"182";"4746388";"clément ducol"
"183";"4744934";"berlinist"
"184";"4709437";"alex baranowski"
"185";"4708718";"luke howard"
"186";"4703843";"kai engel"
"187";"4688054";"graeme cornies"
"188";"4683942";"jb dunckel"
"189";"4679003";"bruno bavota"
"190";"4648821";"christopher von deylen"
"191";"4646321";"keith power"
"192";"4616709";"simone morbidelli"
"193";"4613740";"marcel cariven"
"194";"4610701";"françois-adrien boïeldieu"
"195";"4610701";"boieldieu"
"196";"4590040";"guillaume roussel"
"197";"4555199";"pierre hamon"
"198";"4555185";"aaron davis"
"199";"4553724";"ludwig goransson"
"200";"4537651";"alexander motovilov"
"201";"4536800";"jean-rodolphe kars"
"202";"4532177";"ida presti"
"203";"4529675";"henk bouman"
"204";"4503156";"martin gellner"
"205";"4495428";"victor le masne"
"206";"4494711";"charlène juarez"
"207";"4491052";"harry escott"
"208";"4475159";"nicholas lens"
"209";"4470541";"amelia warner"
"210";"4461360";"simon franglen"
"211";"4459408";"thomas wander"
"212";"4458938";"stanislaw wislocki"
"213";"4449369";"guillaume poncelet"
"214";"4443751";"uwe christian harrer"
"215";"4433328";"pascal amoyel"
"216";"4433037";"jeff franzel"
"217";"4431713";"sven helbig"
"218";"4428203";"andrew hale"
"219";"4424445";"rui ribeiro"
"220";"4421629";"walter taieb"
"221";"4420732";"david bell"
"222";"4420156";"fiachra trench"
"223";"4416411";"johnny klimek"
"224";"4415015";"guy sigsworth"
"225";"4395080";"thomas bergersen"
"226";"4341020";"dirk maassen"
"227";"4166805";"daniil trifonov"
"228";"4099221";"martin kohlstedt"
"229";"4097885";"hideyuki hashimoto"
"230";"4097769";"andrew skeet"
"231";"4076778";"tom tykwer"
"232";"4065392";"baptiste thiry"
"233";"4048693";"kerry muzzey"
"234";"4046630";"biggi hilmars"
"235";"4031354";"thomas enhco"
"236";"4020003";"evgueni galperine"
"237";"3975191";"alexis ffrench"
"238";"3862011";"alessandro simonetto"
"239";"3834241";"lubomyr melnyk"
"240";"3739371";"jacob david"
"241";"3678881";"ryan amon"
"242";"3497191";"matan porat"
"243";"3447661";"ryan lott"
"244";"3401621";"michael mcglynn"
"245";"3401411";"pawel lukaszewski"
"246";"3401411";"paweł łukaszewski"
"247";"3325291";"gregorio paniagua"
"248";"3309701";"carl thiel"
"249";"3293751";"caleb burhans"
"250";"3246751";"julia gjertsen"
"251";"3216631";"akira senju"
"252";"3096081";"philip sheppard"
"253";"3071881";"rob simonsen"
"254";"3069211";"luke richards"
"255";"3007211";"michael abels"
"256";"2577891";"carlos cipa"
"257";"2509681";"steve gibbs"
"258";"2396691";"valentin silvestrov"
"259";"2190271";"jessica curry"
"260";"2037931";"rami khalifé"
"261";"2016031";"lili boulanger"
"262";"2015951";"massimo palumbo"
"263";"2013781";"guillaume connesson"
"264";"2013771";"kristjan järvi"
"265";"2011041";"matthias bamert"
"266";"1986061";"fiorenzo carpi"
"267";"1939861";"michel laurent"
"268";"1904751";"chad lawson"
"269";"1883681";"emin khachaturian"
"270";"1836171";"alexandre astier"
"271";"1691554";"mario viñuela"
"272";"1691554";"mario vinuela"
"273";"1677364";"tree adams"
"274";"1676823";"cris velasco"
"275";"1669904";"laurent couson"
"276";"1666927";"walter goehr"
"277";"1643559";"giancarlo chiaramello"
"278";"1639982";"charles avison"
"279";"1639073";"carlos rafael rivera"
"280";"1637546";"celedonio romero"
"281";"1636675";"antonio salieri"
"282";"1622904";"alfred grünfeld"
"283";"1618886";"david chalmin"
"284";"1618836";"charles ravier"
"285";"1617475";"gerald finzi"
"286";"1617467";"matthew curtis"
"287";"1617439";"ola gjeilo"
"288";"1617419";"jean-baptiste lully"
"289";"1613750";"dan redfeld"
"290";"1611947";"paul dinletir"
"291";"1603637";"morten lauridsen"
"292";"1603541";"arturo marquez"
"293";"1603533";"baldassare galuppi"
"294";"1603372";"vestard shimkus"
"295";"1603308";"john dowland"
"296";"1581371";"franz marszalek"
"297";"1570143";"brice davoli"
"298";"1539961";"trent reznor and atticus ross"
"299";"1528120";"tanya gordon"
"300";"1527624";"andrew lockington"
"301";"1515522";"dagmar krug"
"302";"1506584";"petri alanko"
"303";"1487340";"bruce broughton"
"304";"1481576";"rob thaller"
"305";"1473438";"tim wynn"
"306";"1458593";"chloe flower"
"307";"1443114";"enguerrand-friedrich lühl-dolgorukiy"
"308";"1443114";"enguerrand-friedrich luhl"
"309";"1436655";"oskar schuster"
"310";"1435676";"martin stock"
"311";"1435642";"ludovic bource"
"312";"1421572";"karen khatchaturian"
"313";"1421572";"karen khatchatourian"
"314";"1415598";"jamie christopherson"
"315";"1404487";"giovanni sollima"
"316";"1389813";"marika takeuchi"
"317";"1381231";"fabrice aboulker"
"318";"1371012";"eric v. hachikian"
"319";"1345488";"george walker"
"320";"1338224";"rolf hind"
"321";"1328537";"arthur friedheim"
"322";"1293404";"kate moore"
"323";"1291164";"matti bye"
"324";"1282947";"nicolas economou"
"325";"1274792";"stewart goodyear"
"326";"1244602";"martin phipps"
"327";"1239582";"dickon hinchliffe"
"328";"1229422";"gordon langford"
"329";"1225478";"jerome moross"
"330";"1223600";"murray gold"
"331";"1198832";"dalal"
"332";"1179803";"debbie wiseman"
"333";"1141781";"jody jenkins"
"334";"1132552";"abel korzeniowski"
"335";"1121070";"jerry martin"
"336";"1108482";"oleksa lozowchuk"
"337";"1108218";"olivier manchon"
"338";"1100282";"roberto jonata"
"339";"1082469";"mark petrie"
"340";"1075180";"toydrum"
"341";"1075081";"gunnar madsen"
"342";"1071726";"tunde jegede"
"343";"1061817";"austin wintory"
"344";"1052587";"avi avital"
"345";"1038067";"rael jones"
"346";"1033137";"james dooley"
"347";"1019643";"jim perkins"
"348";"1002824";"jérôme ducros"
"349";"882800";"blake neely"
"350";"876708";"daniel behle"
"351";"824615";"fiona monbet"
"352";"823557";"ferruccio busoni"
"353";"804963";"jeff meegan"
"354";"794965";"thomas ford"
"355";"662504";"quentin sirjacq"
"356";"661973";"fabrizio paterlini"
"357";"652864";"sophie hutchings"
"358";"646871";"joel p west"
"359";"565980";"michele fedrigotti"
"360";"543705";"marina baranova"
"361";"520650";"jean-philippe rameau"
"362";"516178";"christopher lennertz"
"363";"515684";"peter gregson"
"364";"511182";"benjamin wallfisch"
"365";"510086";"henry jackman"
"366";"500210";"jérôme rebotier"
"367";"482355";"patrick hamilton"
"368";"469604";"akira kosemura"
"369";"467973";"jonas b. ingebretsen"
"370";"464569";"paul leonard-morgan"
"371";"460395";"béla bartók"
"372";"459255";"yvan cassar"
"373";"455262";"paul bateman"
"374";"450628";"peter scholes"
"375";"447817";"douglas gamley"
"376";"447145";"alex heffes"
"377";"437174";"manuel de falla"
"378";"437173";"emmanuel chabrier"
"379";"437172";"edward elgar"
"380";"437168";"carl maria von weber"
"381";"437167";"gioachino rossini"
"382";"437166";"nikolai rimsky-korsakov"
"383";"437166";"nikolai rimski-korsakow"
"384";"424676";"eric whitacre"
"385";"417456";"paul lewis"
"386";"411925";"cameron carpenter"
"387";"409729";"john rutter"
"388";"406144";"fazil say"
"389";"405957";"stanley myers"
"390";"396256";"ian honeyman"
"391";"386024";"dmitri shostakovich"
"392";"386024";"dimitri chostakovitch"
"393";"380776";"paul misraki"
"394";"364343";"hector berlioz"
"395";"359834";"luis cobos"
"396";"359001";"alceo galliera"
"397";"357765";"yves castagnet"
"398";"357236";"albert guinovart"
"399";"355227";"bobby tahouri"
"400";"353974";"federico mompou"
"401";"352182";"david buckley"
"402";"349283";"edmon colomer"
"403";"324981";"karol beffa"
"404";"314850";"roberto cacciapaglia"
"405";"311644";"narciso yepes"
"406";"309998";"tchaikovsky"
"407";"309998";"tchaïkovsky"
"408";"309998";"tchaïkovski"
"409";"305612";"inon zur"
"410";"305399";"johann strauss"
"411";"303712";"sergei prokofiev"
"412";"298105";"john morris"
"413";"296881";"victor de sabata"
"414";"290422";"marcel peres"
"415";"289768";"georg friedrich haendel"
"416";"289768";"georg friedrich händel"
"417";"289768";"george frideric handel"
"418";"282251";"peter raeburn"
"419";"280497";"nobuo uematsu"
"420";"271053";"yves prin"
"421";"271045";"laurent petitgirard"
"422";"269156";"marco frisina"
"423";"265856";"robert ashley"
"424";"263710";"raymond alessandrini"
"425";"256989";"andrea morricone"
"426";"256776";"christophe julien"
"427";"255497";"domenico cimarosa"
"428";"255056";"bruno rigutto"
"429";"248855";"hans stadlmair"
"430";"245106";"leonard pennario"
"431";"244954";"krzysztof penderecki"
"432";"244605";"joaquin rodrigo"
"433";"243815";"fritz kreisler"
"434";"241129";"pierre dervaux"
"435";"214883";"manuel rosenthal"
"436";"214826";"roger eno"
"437";"211109";"gabriela montero"
"438";"210823";"barrington pheloung"
"439";"210705";"miklós rózsa"
"440";"210650";"jonny greenwood"
"441";"209511";"heinz holliger"
"442";"207645";"jean sibelius"
"443";"205661";"ralph vaughan williams"
"444";"205660";"jacques offenbach"
"445";"205652";"francisco tarrega"
"446";"191347";"sergei rachmaninov"
"447";"191347";"sergei rachmaninoff"
"448";"190837";"roland pöntinen"
"449";"183333";"astor piazzola"
"450";"172149";"valeriano chiaravalle"
"451";"169820";"lemos"
"452";"169759";"josé serebrier"
"453";"168009";"johan söderqvist"
"454";"167970";"aram khachaturian"
"455";"167970";"aram khatchatourian"
"456";"167813";"stephen warbeck"
"457";"167781";"francesco tristano"
"458";"161024";"laura karpman"
"459";"159192";"francis poulenc"
"460";"157755";"mark ayres"
"461";"155820";"patrick hawes"
"462";"155792";"lou harrison"
"463";"155554";"marc streitenfeld"
"464";"155550";"atli örvarsson"
"465";"155504";"domenico scarlatti"
"466";"155494";"trevor morris"
"467";"153930";"eric lebrun"
"468";"153654";"safy boutella"
"469";"153632";"krishna levy"
"470";"153468";"michaël lévinas"
"471";"153251";"paul cantelon"
"472";"153246";"philippe rombi"
"473";"153164";"mark kilian"
"474";"152966";"bernard foccroulle"
"475";"142748";"jean-félix lalanne"
"476";"135349";"isao tomita"
"477";"134189";"philippe sarde"
"478";"133610";"tan dun"
"479";"132091";"pedro bromfman"
"480";"131495";"peter zummo"
"481";"131118";"jacques revaux"
"482";"123035";"roque banos"
"483";"122292";"gianni ferrio"
"484";"119249";"michael price"
"485";"114052";"antonín dvořák"
"486";"114035";"igor markevitch"
"487";"113084";"nico muhly"
"488";"108584";"david behrman"
"489";"108002";"jason graves"
"490";"105440";"satyajit ray"
"491";"104391";"jordan critz"
"492";"101921";"bedřich smetana"
"493";"101921";"friedrich smetana"
"494";"99150";"alain lefèvre"
"495";"96943";"jean-philippe goude"
"496";"95750";"remo anzovino"
"497";"92679";"alain kremski"
"498";"91220";"thierry escaich"
"499";"90879";"max steiner"
"500";"90878";"charlie chaplin"
"501";"88792";"pierre adenot"
"502";"87326";"laurie spiegel"
"503";"83805";"hughes de courson"
"504";"80929";"michael riesman"
"505";"79913";"richard tognetti"
"506";"79504";"ilan eshkeri"
"507";"78604";"marvin hamlisch"
"508";"77791";"nicholas dodd"
"509";"76118";"gavin greenaway"
"510";"75802";"johann johannsson"
"511";"75020";"christopher young"
"512";"73651";"esa-pekka salonen"
"513";"73571";"igor stravinsky"
"514";"73571";"igor stravinski"
"515";"72401";"olivier deriviere"
"516";"70463";"joby talbot"
"517";"70213";"emile naoumoff"
"518";"69565";"michael tilson thomas"
"519";"68387";"heitor villa-lobos"
"520";"68039";"giuseppe sinopoli"
"521";"67835";"ramin djawadi"
"522";"67758";"joe kraemer"
"523";"67339";"cyprien katsaris"
"524";"67092";"jeff danna"
"525";"67081";"cliff eidelman"
"526";"66582";"joe hisaishi"
"527";"59236";"hans otte"
"528";"55629";"jean-michel bernard"
"529";"55032";"wilhelm furtwängler"
"530";"54997";"ezio bosso"
"531";"54756";"terry riley"
"532";"17345";"jeff beal"
"533";"17238";"vladimir cosma"
"534";"17145";"john murphy"
"535";"16596";"brian tyler"
"536";"16231";"john ottman"
"537";"15986";"francis lai"
"538";"15808";"steve reich"
"539";"15710";"garry schyman"
"540";"14981";"robert schumann"
"541";"14967";"mychael danna"
"542";"14947";"pietro mascagni"
"543";"14945";"gaetano donizetti"
"544";"14944";"christoph willibald gluck"
"545";"14939";"gavin bryars"
"546";"14725";"gustav holst"
"547";"14326";"aaron zigman"
"548";"14221";"dennis mccarthy"
"549";"14138";"leroy anderson"
"550";"13944";"javier navarrete"
"551";"13868";"eleni karaindrou"
"552";"13347";"alfred newman"
"553";"13332";"andré previn"
"554";"13214";"gabriel fauré"
"555";"12004";"pierre henry"
"556";"11472";"franz liszt"
"557";"11103";"grant kirkhope"
"558";"10964";"felix mendelssohn"
"559";"10964";"felix mendelssohn bartholdy"
"560";"10954";"henry purcell"
"561";"10948";"alberto iglesias"
"562";"10881";"richard strauss"
"563";"10880";"joseph haydn"
"564";"10800";"david newman"
"565";"10778";"mark mancina"
"566";"10523";"richard wagner"
"567";"10489";"anoushka shankar"
"568";"10208";"theodore shapiro"
"569";"9429";"riz ortolani"
"570";"9183";"alexandre desplat"
"571";"9036";"giovanni allevi"
"572";"9015";"paul dukas"
"573";"8762";"georges bizet"
"574";"8667";"john cage"
"575";"8473";"frédéric chopin"
"576";"8455";"maxence cyrin"
"577";"8425";"marco beltrami"
"578";"8244";"giacomo puccini"
"579";"8136";"dario marianelli"
"580";"8059";"zbigniew preisner"
"581";"7956";"georges delerue"
"582";"7692";"camille saint-saëns"
"583";"7692";"camille saint saens"
"584";"7651";"fernando sor"
"585";"7414";"elliot goldenthal"
"586";"7368";"george gershwin"
"587";"7228";"franz schubert"
"588";"7203";"maurice ravel"
"589";"7199";"harald kloser"
"590";"7195";"john debney"
"591";"7128";"johannes brahms"
"592";"6995";"irving berlin"
"593";"6914";"gustav mahler"
"594";"6801";"samuel barber"
"595";"6690";"max richter"
"596";"6427";"john carpenter"
"597";"6355";"vincenzo bellini"
"598";"6291";"carly comando"
"599";"6144";"ludwig van beethoven"
"600";"6139";"edvard grieg"
"601";"6005";"james newton howard"
"602";"5980";"jerry goldsmith"
"603";"5973";"jocelyn pook"
"604";"5866";"johann pachelbel"
"605";"5863";"bear mccreary"
"606";"5741";"nino rota"
"607";"5695";"wolfgang amadeus mozart"
"608";"5637";"george fenton"
"609";"5191";"randy edelman"
"610";"5176";"claude debussy"
"611";"5166";"david grumel"
"612";"5109";"wim mertens"
"613";"4976";"giuseppe verdi"
"614";"4962";"michael giacchino"
"615";"4902";"vicente amigo"
"616";"4735";"karl jenkins"
"617";"4726";"philip glass"
"618";"4490";"thomas bangalter"
"619";"4331";"ludovico einaudi"
"620";"4225";"carl orff"
"621";"4081";"antonio vivaldi"
"622";"3639";"patrick doyle"
"623";"3385";"christopher tin"
"624";"3333";"saint-preux"
"625";"3232";"david shire"
"626";"3170";"harry gregson-williams"
"627";"3113";"wojciech kilar"
"628";"2901";"maurice jarre"
"629";"2889";"michael kamen"
"630";"2791";"klaus badelt"
"631";"2736";"meredith monk"
"632";"2732";"carter burwell"
"633";"2681";"leonard bernstein"
"634";"2679";"stephen sondheim"
"635";"2642";"edward shearmur"
"636";"2504";"bernard herrmann"
"637";"2421";"ronan hardiman"
"638";"2401";"secret garden"
"639";"2301";"john powell"
"640";"2245";"thomas newman"
"641";"2033";"ravi shankar"
"642";"1941";"rachel portman"
"643";"1935";"hans zimmer"
"644";"1900";"johann sebastian bach"
"645";"1900";"jean-sébastien bach"
"646";"1635";"erik satie"
"647";"1613";"arvo pärt"
"648";"1613";"arvo part"
"649";"1536";"ennio morricone"
"650";"1530";"don davis"
"651";"1509";"gustavo santaolalla"
"652";"1337";"yoshiki"
"653";"1195";"jeremy soule"
"654";"1162";"nitin sawhney"
"655";"1047";"gabriel yared"
"656";"1045";"léo delibes"
"657";"887";"michael nyman"
"658";"791";"alan silvestri"
"659";"786";"eric serra"
"660";"760";"danny elfman"
"661";"757";"clint mansell"
"662";"711";"sami yusuf"
"663";"667";"trevor jones"
"664";"628";"craig armstrong"
"665";"609";"angelo badalamenti"
"666";"556";"howard shore"
"667";"184";"james horner"
"668";"4166805";"trifonov"
"669";"1636675";"salieri"
"670";"1617419";"lully"
"671";"437167";"rossini"
"672";"386024";"chostakovitch"
"673";"364343";"berlioz"
"674";"303712";"prokofiev"
"675";"289768";"haendel"
"676";"207645";"sibelius"
"677";"205660";"offenbach"
"678";"191347";"rachmaninov"
"679";"73571";"stravinsky"
"680";"73571";"stravinski"
"681";"14981";"schumann"
"682";"14944";"gluck"
"683";"11472";"liszt"
"684";"10964";"mendelssohn"
"685";"10954";"purcell"
"686";"10881";"strauss"
"687";"10880";"haydn"
"688";"10523";"wagner"
"689";"8762";"bizet"
"690";"8244";"puccini"
"691";"7692";"saint saens"
"692";"7368";"gershwin"
"693";"7228";"schubert"
"694";"7203";"ravel"
"695";"7203";"bolero de ravel"
"696";"7128";"brahms"
"697";"6914";"mahler"
"698";"6144";"beethoven"
"699";"6139";"grieg"
"700";"5695";"mozart"
"701";"5176";"debussy"
"702";"4976";"verdi"
"703";"4081";"vivaldi"
"704";"2681";"bernstein"
"705";"1900";"jean sebastien bach"
"706";"1900";"bach"
"707";"1635";"satie"
