"","dz_artist_id","mbz_artist_id","dz_name"
"1","9506238",NA,"Maestrix, Ramy Essam"
"2","13619247",NA,"Kanticos"
"3","14340785",NA,"Dj Mehmet Tekin"
"4","12105684",NA,"Sunset Sweatshop"
"5","5197273",NA,"Fafa De Molokaï"
"6","4344098","2ef517f0-0e90-41af-b95c-2cda9e28e1a5","Obojeni Program"
"7","13268797","374b494a-90a6-4f46-adb8-245bb337db7e","Soulroots"
"8","154247272",NA,"900treize"
"9","487963","48e65955-2418-41b1-b28a-e27f30bfe662","Jordi Castillo"
"10","164558237",NA,"Samet Ervas"
"11","139272542",NA,"Rinaflow"
"12","120137122",NA,"DJ WL DO MVP"
"13","155896462",NA,"Ned Rice"
"14","1032039",NA,"Armand Van Helden Presents Old School Junkies"
"15","11506275","be8e7e35-add2-4128-9627-3065ae2831db","ONYVAA"
"16","61557172",NA,"Camille Anssel"
"17","114542912",NA,"Leo Florin"
"18","97887372",NA,"Metafora MTF"
"19","109673","20eacfdf-4494-4401-8aff-bda50e02d84b","Djosos Krost"
"20","172889","1c14c7af-dc5d-4297-b926-6478179ca483","Melville"
"21","14423887",NA,"Only Bricks"
"22","48170242",NA,"Kevin Lamar"
"23","1096871","25a07961-6bb1-491f-9495-6db2168b485e","Santec Music Orchestra"
"24","40565602",NA,"Haze"
"25","1228611",NA,"Shleu Shleu"
"26","4956177",NA,"Shayma Helali"
"27","135411092",NA,"Wide Putin"
"28","93322","12a54f0b-6f67-4f66-bb3b-e8cef9ac6871","The Velvets"
"29","11179284",NA,"Madame Tuina Zen"
"30","82475",NA,"Manolo Castro And His Havana Yacht Club Orchestra"
"31","207423807",NA,"baby raph"
"32","191468837",NA,"darkramex"
"33","142132682",NA,"Household Godson"
"34","9595768",NA,"Cheikh Touhami"
"35","13093485",NA,"Schienytchen"
"36","10840590",NA,"Kat Green,Thomas Dean Pugh-Fields"
"37","6622398",NA,"Unik0"
"38","789090","852cc088-62ca-4b15-b36c-6c5e854f7b5a","The Young'uns"
"39","11314258","48159a19-3121-4212-8de6-d7dc1184c813","The ADE"
"40","10857340",NA,"Aitor Blond"
"41","189160087",NA,"Jackson Rock"
"42","13776303",NA,"Pop Piano Covers"
"43","806361",NA,"Avila"
"44","185236997",NA,"Abbey Leonhardsen"
"45","142988022",NA,"Dj Ramirezk"
"46","6605046","95808b9d-a6c1-4ecc-810b-2c95fd7d3775","F*U*G*Z"
"47","61127272",NA,"Roland Ramakistin"
"48","4521065",NA,"Luciano Cesa"
"49","5424860","72d65c02-1b1f-4458-9ab8-6544eea4bdf0","Sound Rush"
"50","7954286","98ac139f-b081-416e-ae30-16d57b736664","Ras Karbi"
"51","121730982",NA,"Edaz Dryden Kayle"
"52","153904022",NA,"毕胤海"
"53","1416502",NA,"Chorus - The Lion King 2: Simba's Pride"
"54","8005658",NA,"Kelaska"
"55","4824368",NA,"Padelis Thalassinos"
"56","1030795",NA,"The Machinist"
"57","7444200",NA,"Yoann Julliard"
"58","6243192",NA,"Slyte"
"59","12362544",NA,"Cyrille Aimée & Diego Figueiredo"
"60","93534712",NA,"RNLD"
"61","9195642",NA,"The Hazbeans"
"62","149169922",NA,"Craig Curves"
"63","14613035",NA,"Rj The Dj"
"64","1156076","cfead308-708b-44b5-80dc-29380cceab68","Harmony Glen"
"65","655549",NA,"Pop Dance Orchestra"
"66","8697238",NA,"DJ Palhas Jr."
"67","59316842",NA,"TEKNO"
"68","245315","af06d7cf-ce72-4814-af10-45e1a49389de","G6"
"69","88763082",NA,"NarcoMusic"
"70","5251806","7e209fbf-f3f7-45d7-b340-7f94ca8a75f6","Matthieu Lusson"
"71","58378242",NA,"Tomas Hilber"
"72","338465","7ac9d972-a00c-4e0f-8074-3f755f54e3a5","ElectroKingdom"
"73","13792045",NA,"DeadBeatVillain"
"74","7087913",NA,"Victorino Silva"
"75","50602862",NA,"Skyda"
"76","1632155",NA,"Sunitha"
"77","1242531",NA,"Franco, TP OK Jazz"
"78","147005962","88f00512-39ce-4f0e-840c-bd2521195a96","Katherine Li"
"79","246639",NA,"Didjaman"
"80","153501972",NA,"苍央"
"81","70447342",NA,"BITO MC"
"82","5029244",NA,"Do I Wanna Know"
"83","4553993",NA,"Supremme de Luxe"
"84","12339560","472d15fe-ac30-4bba-8cf6-21c3dbac3d55","1415"
"85","4654867",NA,"Inglourious Bastardz featuring L'Hexaler, Neka and Jeff le Nerf"
"86","4624836",NA,"Sadler"
"87","54176702",NA,"Marcelo Brinholi"
"88","90488","2fa34ae3-0134-4367-b72b-e6a28aa8aa45","Sample Rippers"
"89","53505862",NA,"Richie Ortega"
"90","1330384","87420214-1f03-4f6e-9339-b608735babd8","The Georgia Mass Choir"
"91","2212781",NA,"Marianna Zorba and Manolis Manouselis"
"92","1340084","42cb63fa-0cbc-49cb-9cc3-34080b709921","Foster & Allen"
"93","12584538","c0730f7b-17c1-4a1a-9a2b-2a79f68dde42","Toxxify"
"94","10747564",NA,"Luli Lucinha e o Bando"
"95","8955610","3088202f-4005-47b5-b15c-5c114fd2343e","Medizan"
"96","188467617",NA,"OGS Freskoni"
"97","7728322","d1bf09f5-ebcd-48a1-a59f-9a20c39a12a6","Mallive"
"98","174337407",NA,"Gym Beast Mode Motivation Workout"
"99","101650",NA,"Mustapha Bourgogne"
"100","102235992",NA,"Jeff Satur"
"101","133562072",NA,"PLATON & JOOLAY"
"102","148561002",NA,"Fardal"
"103","265895772",NA,"Bisken"
"104","177732117",NA,"smantha willikos"
"105","255101",NA,"Leopold Hager"
"106","14392483",NA,"Aicha Maya"
"107","5392292","ffd02fd4-54ce-435d-b63e-aa0f54d9f059","Grammacks"
"108","4681232","96a0adb1-e909-4e9d-9802-ee314693facb","Trail West"
"109","16211","3869dbb7-da0c-455f-ad74-332a9d35d016","Slagsmålsklubben"
"110","63477752",NA,"CK Dinero"
"111","9428744",NA,"Enei featuring Charli Brix"
"112","5606808",NA,"Brooklyn Hope"
"113","4072693",NA,"Colette Alliot Lugaz - Martine Mahe - Orchestre Du Capitole De Toulouse - Michel Plasson - Ghyslaine Raphanel"
"114","1040404","49f31c3c-e1d4-4d92-b5d7-b81c9cc92bb7","Daro"
"115","67225732","e371a1db-77e2-4073-9a3f-c8c83e1b2355","Songleikr"
"116","4546910",NA,"Chaba Yamina, Cheikh Kamel El Gualmi"
"117","87218582","7987e766-9e29-4b7d-bef2-1a79aa969517","Leaves in Flames"
"118","13438335",NA,"The Bergens"
"119","3195","3ac646f6-2057-485c-bf7e-205887c81426","The Golden Gate Quartet"
"120","4030538",NA,"Deejay Will.i"
"121","1337367","713949b1-74aa-45c4-95b0-e2a487b0180f","Pedro Rodriguez"
"122","71384732",NA,"El Aleex Deejay"
"123","1236440",NA,"Faouzi Ben Guamra"
"124","5947238",NA,"Ababa Nna"
"125","115223292",NA,"Kupla"
"126","1381305","9aa8f54e-2eed-4d4e-ab3e-61c13fb3b5fd","Connie Conway"
"127","51136992","ea4e10b4-f8e8-4ba2-b406-cbff90130dde","pølaroit"
"128","158627632",NA,"韦成璟"
"129","72355862","0f6b7211-8a46-4d79-b6c3-213c63980751","Silent Addy"
"130","50059062",NA,"Indiigo"
"131","7943964",NA,"Kay-Cee"
"132","6141242","f23fc6f0-811e-4ced-a111-88545e26fc41","Alcide H"
"133","147783602","ea9f4c72-e805-4726-83f1-8bb38fb148e5","Dom Vittor & Gustavo"
"134","157044282",NA,"Michel ou rien"
"135","72812342",NA,"Godfather of Harlem"
"136","346282",NA,"DiX"
"137","159848812",NA,"Diseoak"
"138","12073030",NA,"Michael Matics"
"139","182099087",NA,"Bryon Burns"
"140","11293506",NA,"Rola Kadri"
"141","146353172",NA,"Воющая броня"
"142","4057640","ee21c713-a6a3-4337-ac44-85ad6210039f","Sing Like Talking"
"143","4330812",NA,"Ramy Lapache"
"144","10061",NA,"Harry ""Choo Choo"" Romero"
"145","4073101",NA,"Dragon Davy featuring Mac Tyer (Tandem)"
"146","119834","a4e84f1b-f26b-4988-868d-d846807e3224","Keep"
"147","7155728",NA,"Élise Guay"
"148","4347259",NA,"Bazar et Bémols"
"149","74235852",NA,"Arven"
"150","5272764",NA,"Ensemble Sequenza 9.3"
"151","101906002",NA,"anayama"
"152","74185612",NA,"Brocofski"
"153","164635127",NA,"Neil"
"154","12476478",NA,"Cláudio Pina"
"155","12156186","b4bc8599-0152-4fde-b987-b20885275385","Benaddict"
"156","68074132",NA,"Sinan Kartal"
"157","4040397",NA,"Sylvie Mombo"
"158","447671",NA,"Mc'S Arabica"
"159","14359581",NA,"Kika Boom"
"160","5186692",NA,"Aymeric Ardimanni"
"161","100378282","81368c1f-3a36-4714-a762-42b86ee64277","stxrz"
"162","6266606",NA,"Orchestre et direction Armand Migiani"
"163","5610911",NA,"R. R."
"164","3248671",NA,"Didine, Yamina"
"165","12562658","4d9ba743-820d-4a55-82a1-4d6df475b73f","Klossmajor"
"166","85882662",NA,"Gennaro"
"167","10033200","f9c6d1e3-b590-4466-8183-df8eeeaa3a91","Luca Perra"
"168","13093539",NA,"David Rasmussen"
"169","187660037",NA,"ORA"
"170","4124414",NA,"Zan Batist"
"171","67066342",NA,"Le Mortier"
"172","71186902",NA,"Drummer Boi"
"173","1493078",NA,"Dj Leao"
"174","162037872",NA,"Prince Chadrack"
"175","137916522",NA,"AIMEKA"
"176","4991395",NA,"Bdm"
"177","251883",NA,"The Big Band Orchestra"
"178","98654832",NA,"CHRONOS R Official"
"179","14194523",NA,"Vaboh"
"180","115625622",NA,"Le Nomad"
"181","66048422",NA,"Pri2m"
"182","981091",NA,"Sinem"
"183","72439",NA,"Jasper Van't Hof"
"184","117904452",NA,"Crapule"
"185","1265986","52517e1b-0487-4358-9b6a-98b0f82136a4","Sheoda"
"186","13708031",NA,"DJ Lindão"
"187","10151","c4aee81d-0a2b-4c8c-a426-357264622666","Tango"
"188","115213122",NA,"Ordan"
"189","454665",NA,"Disco Tex & His Sex-O-Lettes"
"190","94822",NA,"Hucknall"
"191","81560212",NA,"Dominik Marz, David Kochs"
"192","523370",NA,"Raquel Aurilia"
"193","66738442",NA,"Jr Ragga"
"194","4957064",NA,"Long Chris et les Daltons"
"195","69260392",NA,"Marco Kraats & Peter van de Veire"
"196","144019872",NA,"Deanie Elsner"
"197","1273892",NA,"Michel Warlop Et Son Septuor à Cordes"
"198","453999","11680a33-4f86-4210-abf4-6735cd6cc9d0","Pacifique"
"199","1567231","a16e9da7-d251-41f1-8c48-a95a38c47538","Gruff"
"200","10539617",NA,"Soul Of Fire"
