source,article_text,article_id
telerama,"titre .
 Le nouveau concert de Stromae rappelle à quel point la pop européenne peut encore conjuguer ambition formelle et émotion populaire. Entre les orchestrations de Sufjan Stevens et les textures électroniques de James Blake, l’ombre de David Bowie plane sur ce spectacle élégant. Angèle apparaît en invitée discrète, tandis que Clara Luciani revendique une filiation avec Françoise Hardy plus qu’avec Dua Lipa. Dans le paysage actuel, seuls Kendrick Lamar ou Rosalía semblent poursuivre une exigence comparable.",1
telerama,"titre .
 Le récital de Sofiane Pamart confirme son statut singulier dans la musique française contemporaine. Le pianiste emprunte autant à Ryuichi Sakamoto qu’à Erik Satie, tout en attirant un public venu du rap de Damso, Laylow ou Nekfeu. On pense parfois aux climats mélancoliques de Radiohead ou de Bon Iver. Une tentative rare de réconciliation entre prestige classique et culture urbaine.",2
telerama,"titre .
 Le retour de Madonna, entourée d’Elton John et de Kylie Minogue sur plusieurs séquences vidéo, ressemble moins à une tournée nostalgique qu’à une relecture de quarante ans de culture pop. Lady Gaga et Rihanna lui doivent encore beaucoup, jusque dans leur manière d’occuper l’espace scénique. Même Coldplay paraît sage face à cette démesure visuelle. Une leçon d’histoire autant qu’un concert.",3
telerama,"titre .
 Avec son dernier album, Kendrick Lamar continue d’imposer un rap littéraire et introspectif, loin des automatismes du streaming. Les collaborations avec JID et SZA évoquent parfois la sophistication de D’Angelo ou d’OutKast. En France, seuls Orelsan, Dinos ou parfois Damso semblent dialoguer avec cette ambition narrative. Le disque refuse le spectaculaire pour privilégier le doute et la confession.",4
lefigaro,"titre .
 Le concert parisien de Céline Dion a pris des allures d’hommage à la grande tradition de la chanson orchestrale. Entre deux reprises de Jacques Brel et de Barbra Streisand, la chanteuse québécoise a rappelé l’étendue de sa technique vocale. Garou et Vianney sont venus partager quelques duos convenus mais efficaces. Une certaine idée du classicisme populaire persiste donc encore.",5
lefigaro,"titre .
 Le phénomène BTS continue d’intriguer les observateurs européens. Derrière la mécanique industrielle du groupe sud-coréen, certaines harmonies vocales rappellent pourtant les grandes heures des Beatles ou de Take That. BLACKPINK, plus frontalement spectaculaire, mise davantage sur la puissance visuelle que sur la subtilité musicale. La mondialisation pop produit désormais ses propres académismes.",6
lefigaro,"titre .
 Le nouvel album de Lady Gaga témoigne d’une maîtrise remarquable des références musicales américaines. On y retrouve des traces de jazz vocal, de cabaret et même de soul classique. Bradley Cooper apparaît furtivement sur une ballade élégante, tandis qu’Elton John apporte une touche mélancolique inattendue. Une œuvre plus mature que les productions standardisées de l’électro commerciale.",7
lefigaro,"titre .
 À travers ses dernières compositions, Sofiane Pamart poursuit une stratégie culturelle habile : rapprocher le piano romantique du grand public issu du rap. Les collaborations avec SCH, Josman ou Tiakola relèvent moins du marketing que d’une tentative réelle de décloisonnement. Certaines pièces évoquent Nils Frahm ou Ludovico Einaudi. Rarement la frontière entre musique savante et culture populaire aura semblé aussi poreuse.",8
liberation,"titre .
 Le dernier projet de Laylow ressemble davantage à une installation sonore qu’à un album de rap traditionnel. Entre science-fiction numérique et introspection fragmentée, l’artiste cite ouvertement Kanye West, Daft Punk et Kendrick Lamar. Damso et Hamza apparaissent comme des compagnons de route plus que comme de simples invités. Une proposition ambitieuse dans un paysage français souvent conformiste.",9
liberation,"titre .
 Avec sa nouvelle tournée, Angèle cherche à dépasser le statut de pop star générationnelle. Les arrangements plus dépouillés rappellent parfois Christine and the Queens ou même Jane Birkin. Clara Luciani apporte un contrepoint plus terrien, tandis que Dua Lipa représente l’autre versant d’une pop internationale calibrée. Le concert préfère l’ironie douce au spectaculaire.",10
liberation,"titre .
 Le succès continu de David Guetta illustre la normalisation mondiale de l’electro festive. Les collaborations avec Sia, Bebe Rexha ou OneRepublic s’enchaînent avec une efficacité presque algorithmique. À côté, les expérimentations de Rone ou d’Aphex Twin paraissent appartenir à une autre époque culturelle. Mais il faut reconnaître au producteur français un sens intact de la machine pop.",11
liberation,"titre .
 Le rap français mainstream semble aujourd’hui partagé entre deux modèles. D’un côté, Jul, Ninho ou Gazo privilégient l’immédiateté et la saturation des plateformes ; de l’autre, Orelsan, Nekfeu et Dinos cherchent encore une forme de continuité littéraire. Même PNL, longtemps considéré comme marginal, apparaît désormais comme un classique moderne. Cette tension structure toute la scène actuelle.",12
lemonde,"titre .
 Le nouveau disque de Clara Luciani emprunte autant à Nico qu’à Étienne Daho. Derrière les arrangements très écrits, on entend aussi l’influence de Fleetwood Mac et de Lana Del Rey. Angèle intervient sur un morceau d’une grande sobriété, loin des standards radiophoniques de David Guetta ou Calvin Harris. Une pop française qui assume enfin son héritage lettré.",13
lemonde,"titre .
 La prestation de The Weeknd au Stade de France confirme l’évolution spectaculaire de l’artiste canadien. Héritier de Michael Jackson autant que de Prince, il privilégie désormais une dramaturgie sombre proche du cinéma. Les apparitions de Doja Cat et Ariana Grande n’alourdissent jamais l’ensemble. Peu d’artistes mainstream, hormis Beyoncé ou Frank Ocean, maîtrisent aussi bien cette tension entre spectacle et vulnérabilité.",14
lemonde,"titre .
 En réunissant Sting et Elton John lors d’un concert caritatif, le festival de Montreux célébrait une certaine idée de la pop adulte. Les compositions raffinées rappelaient parfois Peter Gabriel ou Leonard Cohen. Même les incursions électroniques de Martin Solveig restaient mesurées et élégantes. Une soirée à contre-courant de l’hyperactivité musicale contemporaine.",15
lemonde,"titre .
 Le succès critique de Damso surprend moins lorsqu’on observe ses références littéraires et musicales. Son écriture, souvent plus proche de la confession existentielle que du rap de compétition, dialogue avec Kendrick Lamar ou Tyler, The Creator. Hamza apporte quelques nuances mélodiques bienvenues, tandis que Laylow explore des territoires plus expérimentaux. Le rap francophone gagne ici en densité esthétique.",16
